ISO-10303-21;
HEADER;
FILE_DESCRIPTION(('STEP AP242'),'1');
FILE_NAME('0353180620.stp','2024-11-08T10:54:08',('TraceParts'),('TraceParts S.A.'),'Spatial InterOp 3D',' ',' ');
FILE_SCHEMA(('AP242_MANAGED_MODEL_BASED_3D_ENGINEERING_MIM_LF  {1 0 10303 442 1 1 4}'));
ENDSEC;
DATA;
#1=PRODUCT_DEFINITION_CONTEXT('',#10,'design');
#2=APPLICATION_PROTOCOL_DEFINITION('INTERNATIONAL STANDARD','ap242_managed_model_based_3d_engineering',2014,#10);
#3=PRODUCT_CATEGORY_RELATIONSHIP('NONE','NONE',#11,#12);
#4=SHAPE_DEFINITION_REPRESENTATION(#13,#14);
#5=SHAPE_DEFINITION_REPRESENTATION(#13,#15);
#6= (GEOMETRIC_REPRESENTATION_CONTEXT(3)GLOBAL_UNCERTAINTY_ASSIGNED_CONTEXT((#18))GLOBAL_UNIT_ASSIGNED_CONTEXT((#20,#21,#22))REPRESENTATION_CONTEXT('NONE','WORKSPACE'));
#10=APPLICATION_CONTEXT('managed model based 3d engineering');
#11=PRODUCT_CATEGORY('part','NONE');
#12=PRODUCT_RELATED_PRODUCT_CATEGORY('detail',' ',(#24));
#13=PRODUCT_DEFINITION_SHAPE('NONE','NONE',#25);
#14=ADVANCED_BREP_SHAPE_REPRESENTATION('0353180620_1',(#26,#27),#6);
#15=GEOMETRICALLY_BOUNDED_SURFACE_SHAPE_REPRESENTATION('1',(#28,#29),#6);
#18=UNCERTAINTY_MEASURE_WITH_UNIT(LENGTH_MEASURE(1.0E-06),#20,'','');
#20= (CONVERSION_BASED_UNIT('MILLIMETRE',#32)LENGTH_UNIT()NAMED_UNIT(#35));
#21= (NAMED_UNIT(#37)PLANE_ANGLE_UNIT()SI_UNIT($,.RADIAN.));
#22= (NAMED_UNIT(#37)SOLID_ANGLE_UNIT()SI_UNIT($,.STERADIAN.));
#24=PRODUCT('0353180620_1','0353180620_1','PART-0353180620_1-DESC',(#43));
#25=PRODUCT_DEFINITION('','NONE',#44,#1);
#26=MANIFOLD_SOLID_BREP('0353180620_1',#45);
#27=AXIS2_PLACEMENT_3D('',#46,#47,#48);
#28=GEOMETRIC_SET('1',(#49,#50,#51,#52,#53,#54,#55,#56,#57,#58,#59,#60));
#29=AXIS2_PLACEMENT_3D('',#61,#62,#63);
#32=LENGTH_MEASURE_WITH_UNIT(LENGTH_MEASURE(1.0),#64);
#35=DIMENSIONAL_EXPONENTS(1.0,0.0,0.0,0.0,0.0,0.0,0.0);
#37=DIMENSIONAL_EXPONENTS(0.0,0.0,0.0,0.0,0.0,0.0,0.0);
#43=PRODUCT_CONTEXT('',#10,'mechanical');
#44=PRODUCT_DEFINITION_FORMATION_WITH_SPECIFIED_SOURCE(' ','NONE',#24,.NOT_KNOWN.);
#45=CLOSED_SHELL('',(#65,#66,#67,#68,#69,#70,#71,#72,#73,#74,#75,#76,#77,#78,#79,#80,#81,#82,#83,#84,#85,#86,#87,#88,#89,#90,#91,#92,#93,#94,#95,#96,#97,#98,#99,#100,#101,#102,#103,#104,#105,#106,#107,#108,#109,#110,#111,#112,#113,#114,#115,#116,#117,#118,#119,#120,#121,#122,#123,#124,#125,#126,#127,#128,#129,#130,#131,#132,#133,#134,#135,#136,#137,#138,#139,#140,#141,#142,#143,#144,#145,#146,#147,#148,#149,#150,#151,#152,#153,#154,#155,#156,#157,#158,#159,#160,#161,#162,#163,#164,#165,#166,#167,#168,#169,#170,#171,#172,#173,#174,#175,#176,#177,#178,#179,#180,#181,#182,#183,#184,#185,#186,#187,#188,#189,#190,#191,#192,#193,#194,#195,#196,#197,#198,#199,#200,#201,#202,#203,#204,#205,#206,#207,#208,#209,#210,#211,#212,#213,#214,#215,#216,#217,#218,#219,#220,#221,#222,#223,#224,#225,#226,#227,#228,#229,#230,#231,#232,#233,#234,#235,#236,#237,#238,#239,#240,#241,#242,#243,#244));
#46=CARTESIAN_POINT('',(0.0,0.0,0.0));
#47=DIRECTION('',(0.0,0.0,1.0));
#48=DIRECTION('',(1.0,0.0,0.0));
#49=COMPOSITE_CURVE('0353180620_2',(#245),.U.);
#50=COMPOSITE_CURVE('0353180620_3',(#246),.U.);
#51=COMPOSITE_CURVE('0353180620_4',(#247),.U.);
#52=COMPOSITE_CURVE('0353180620_5',(#248),.U.);
#53=COMPOSITE_CURVE('0353180620_6',(#249),.U.);
#54=COMPOSITE_CURVE('0353180620_7',(#250),.U.);
#55=COMPOSITE_CURVE('0353180620_8',(#251),.U.);
#56=COMPOSITE_CURVE('0353180620_9',(#252),.U.);
#57=COMPOSITE_CURVE('0353180620_10',(#253),.U.);
#58=COMPOSITE_CURVE('0353180620_11',(#254),.U.);
#59=COMPOSITE_CURVE('0353180620_12',(#255),.U.);
#60=COMPOSITE_CURVE('0353180620_13',(#256),.U.);
#61=CARTESIAN_POINT('',(0.0,0.0,0.0));
#62=DIRECTION('',(0.0,0.0,1.0));
#63=DIRECTION('',(1.0,0.0,0.0));
#64= (NAMED_UNIT(#35)LENGTH_UNIT()SI_UNIT(.MILLI.,.METRE.));
#65=ADVANCED_FACE('',(#258),#259,.T.);
#66=ADVANCED_FACE('',(#260,#261,#262,#263,#264,#265,#266),#267,.F.);
#67=ADVANCED_FACE('',(#268),#269,.T.);
#68=ADVANCED_FACE('',(#270),#271,.T.);
#69=ADVANCED_FACE('',(#272),#273,.F.);
#70=ADVANCED_FACE('',(#274),#275,.T.);
#71=ADVANCED_FACE('',(#276,#277,#278,#279,#280,#281,#282),#283,.T.);
#72=ADVANCED_FACE('',(#284),#285,.T.);
#73=ADVANCED_FACE('',(#286),#287,.T.);
#74=ADVANCED_FACE('',(#288),#289,.T.);
#75=ADVANCED_FACE('',(#290),#291,.T.);
#76=ADVANCED_FACE('',(#292),#293,.T.);
#77=ADVANCED_FACE('',(#294),#295,.T.);
#78=ADVANCED_FACE('',(#296),#297,.T.);
#79=ADVANCED_FACE('',(#298),#299,.T.);
#80=ADVANCED_FACE('',(#300),#301,.F.);
#81=ADVANCED_FACE('',(#302),#303,.F.);
#82=ADVANCED_FACE('',(#304),#305,.F.);
#83=ADVANCED_FACE('',(#306),#307,.F.);
#84=ADVANCED_FACE('',(#308),#309,.F.);
#85=ADVANCED_FACE('',(#310),#311,.F.);
#86=ADVANCED_FACE('',(#312,#313),#314,.T.);
#87=ADVANCED_FACE('',(#315,#316),#317,.T.);
#88=ADVANCED_FACE('',(#318),#319,.F.);
#89=ADVANCED_FACE('',(#320),#321,.F.);
#90=ADVANCED_FACE('',(#322),#323,.F.);
#91=ADVANCED_FACE('',(#324),#325,.F.);
#92=ADVANCED_FACE('',(#326),#327,.F.);
#93=ADVANCED_FACE('',(#328),#329,.F.);
#94=ADVANCED_FACE('',(#330),#331,.F.);
#95=ADVANCED_FACE('',(#332),#333,.F.);
#96=ADVANCED_FACE('',(#334),#335,.T.);
#97=ADVANCED_FACE('',(#336),#337,.T.);
#98=ADVANCED_FACE('',(#338),#339,.T.);
#99=ADVANCED_FACE('',(#340),#341,.T.);
#100=ADVANCED_FACE('',(#342),#343,.F.);
#101=ADVANCED_FACE('',(#344),#345,.T.);
#102=ADVANCED_FACE('',(#346),#347,.T.);
#103=ADVANCED_FACE('',(#348),#349,.T.);
#104=ADVANCED_FACE('',(#350),#351,.T.);
#105=ADVANCED_FACE('',(#352),#353,.T.);
#106=ADVANCED_FACE('',(#354),#355,.T.);
#107=ADVANCED_FACE('',(#356),#357,.T.);
#108=ADVANCED_FACE('',(#358),#359,.T.);
#109=ADVANCED_FACE('',(#360),#361,.T.);
#110=ADVANCED_FACE('',(#362),#363,.T.);
#111=ADVANCED_FACE('',(#364),#365,.T.);
#112=ADVANCED_FACE('',(#366),#367,.T.);
#113=ADVANCED_FACE('',(#368),#369,.T.);
#114=ADVANCED_FACE('',(#370),#371,.T.);
#115=ADVANCED_FACE('',(#372),#373,.T.);
#116=ADVANCED_FACE('',(#374),#375,.T.);
#117=ADVANCED_FACE('',(#376),#377,.T.);
#118=ADVANCED_FACE('',(#378),#379,.T.);
#119=ADVANCED_FACE('',(#380),#381,.T.);
#120=ADVANCED_FACE('',(#382),#383,.T.);
#121=ADVANCED_FACE('',(#384),#385,.T.);
#122=ADVANCED_FACE('',(#386),#387,.T.);
#123=ADVANCED_FACE('',(#388),#389,.T.);
#124=ADVANCED_FACE('',(#390),#391,.T.);
#125=ADVANCED_FACE('',(#392),#393,.T.);
#126=ADVANCED_FACE('',(#394),#395,.T.);
#127=ADVANCED_FACE('',(#396),#397,.F.);
#128=ADVANCED_FACE('',(#398),#399,.T.);
#129=ADVANCED_FACE('',(#400),#401,.T.);
#130=ADVANCED_FACE('',(#402),#403,.T.);
#131=ADVANCED_FACE('',(#404),#405,.T.);
#132=ADVANCED_FACE('',(#406),#407,.T.);
#133=ADVANCED_FACE('',(#408),#409,.T.);
#134=ADVANCED_FACE('',(#410),#411,.F.);
#135=ADVANCED_FACE('',(#412),#413,.F.);
#136=ADVANCED_FACE('',(#414),#415,.F.);
#137=ADVANCED_FACE('',(#416),#417,.F.);
#138=ADVANCED_FACE('',(#418,#419),#420,.T.);
#139=ADVANCED_FACE('',(#421,#422),#423,.T.);
#140=ADVANCED_FACE('',(#424),#425,.F.);
#141=ADVANCED_FACE('',(#426),#427,.F.);
#142=ADVANCED_FACE('',(#428),#429,.F.);
#143=ADVANCED_FACE('',(#430),#431,.F.);
#144=ADVANCED_FACE('',(#432),#433,.F.);
#145=ADVANCED_FACE('',(#434),#435,.F.);
#146=ADVANCED_FACE('',(#436),#437,.F.);
#147=ADVANCED_FACE('',(#438),#439,.F.);
#148=ADVANCED_FACE('',(#440),#441,.F.);
#149=ADVANCED_FACE('',(#442),#443,.F.);
#150=ADVANCED_FACE('',(#444),#445,.T.);
#151=ADVANCED_FACE('',(#446),#447,.T.);
#152=ADVANCED_FACE('',(#448),#449,.T.);
#153=ADVANCED_FACE('',(#450),#451,.T.);
#154=ADVANCED_FACE('',(#452),#453,.F.);
#155=ADVANCED_FACE('',(#454),#455,.T.);
#156=ADVANCED_FACE('',(#456),#457,.T.);
#157=ADVANCED_FACE('',(#458),#459,.T.);
#158=ADVANCED_FACE('',(#460),#461,.T.);
#159=ADVANCED_FACE('',(#462),#463,.T.);
#160=ADVANCED_FACE('',(#464),#465,.T.);
#161=ADVANCED_FACE('',(#466),#467,.T.);
#162=ADVANCED_FACE('',(#468),#469,.T.);
#163=ADVANCED_FACE('',(#470),#471,.T.);
#164=ADVANCED_FACE('',(#472),#473,.T.);
#165=ADVANCED_FACE('',(#474),#475,.T.);
#166=ADVANCED_FACE('',(#476),#477,.T.);
#167=ADVANCED_FACE('',(#478),#479,.T.);
#168=ADVANCED_FACE('',(#480),#481,.T.);
#169=ADVANCED_FACE('',(#482),#483,.T.);
#170=ADVANCED_FACE('',(#484),#485,.T.);
#171=ADVANCED_FACE('',(#486),#487,.T.);
#172=ADVANCED_FACE('',(#488),#489,.T.);
#173=ADVANCED_FACE('',(#490),#491,.T.);
#174=ADVANCED_FACE('',(#492),#493,.T.);
#175=ADVANCED_FACE('',(#494),#495,.T.);
#176=ADVANCED_FACE('',(#496),#497,.T.);
#177=ADVANCED_FACE('',(#498),#499,.T.);
#178=ADVANCED_FACE('',(#500),#501,.T.);
#179=ADVANCED_FACE('',(#502),#503,.T.);
#180=ADVANCED_FACE('',(#504),#505,.T.);
#181=ADVANCED_FACE('',(#506),#507,.F.);
#182=ADVANCED_FACE('',(#508),#509,.T.);
#183=ADVANCED_FACE('',(#510),#511,.T.);
#184=ADVANCED_FACE('',(#512),#513,.T.);
#185=ADVANCED_FACE('',(#514),#515,.T.);
#186=ADVANCED_FACE('',(#516),#517,.T.);
#187=ADVANCED_FACE('',(#518),#519,.T.);
#188=ADVANCED_FACE('',(#520),#521,.F.);
#189=ADVANCED_FACE('',(#522),#523,.F.);
#190=ADVANCED_FACE('',(#524),#525,.F.);
#191=ADVANCED_FACE('',(#526),#527,.F.);
#192=ADVANCED_FACE('',(#528,#529),#530,.T.);
#193=ADVANCED_FACE('',(#531,#532),#533,.T.);
#194=ADVANCED_FACE('',(#534),#535,.F.);
#195=ADVANCED_FACE('',(#536),#537,.F.);
#196=ADVANCED_FACE('',(#538),#539,.F.);
#197=ADVANCED_FACE('',(#540),#541,.F.);
#198=ADVANCED_FACE('',(#542),#543,.F.);
#199=ADVANCED_FACE('',(#544),#545,.F.);
#200=ADVANCED_FACE('',(#546),#547,.F.);
#201=ADVANCED_FACE('',(#548),#549,.F.);
#202=ADVANCED_FACE('',(#550),#551,.F.);
#203=ADVANCED_FACE('',(#552),#553,.F.);
#204=ADVANCED_FACE('',(#554),#555,.T.);
#205=ADVANCED_FACE('',(#556),#557,.T.);
#206=ADVANCED_FACE('',(#558),#559,.T.);
#207=ADVANCED_FACE('',(#560),#561,.T.);
#208=ADVANCED_FACE('',(#562),#563,.F.);
#209=ADVANCED_FACE('',(#564),#565,.T.);
#210=ADVANCED_FACE('',(#566),#567,.T.);
#211=ADVANCED_FACE('',(#568),#569,.T.);
#212=ADVANCED_FACE('',(#570),#571,.T.);
#213=ADVANCED_FACE('',(#572),#573,.T.);
#214=ADVANCED_FACE('',(#574),#575,.T.);
#215=ADVANCED_FACE('',(#576),#577,.T.);
#216=ADVANCED_FACE('',(#578),#579,.T.);
#217=ADVANCED_FACE('',(#580),#581,.T.);
#218=ADVANCED_FACE('',(#582),#583,.T.);
#219=ADVANCED_FACE('',(#584),#585,.T.);
#220=ADVANCED_FACE('',(#586),#587,.T.);
#221=ADVANCED_FACE('',(#588),#589,.T.);
#222=ADVANCED_FACE('',(#590),#591,.T.);
#223=ADVANCED_FACE('',(#592),#593,.T.);
#224=ADVANCED_FACE('',(#594),#595,.T.);
#225=ADVANCED_FACE('',(#596),#597,.T.);
#226=ADVANCED_FACE('',(#598),#599,.T.);
#227=ADVANCED_FACE('',(#600),#601,.T.);
#228=ADVANCED_FACE('',(#602),#603,.T.);
#229=ADVANCED_FACE('',(#604),#605,.T.);
#230=ADVANCED_FACE('',(#606),#607,.T.);
#231=ADVANCED_FACE('',(#608),#609,.T.);
#232=ADVANCED_FACE('',(#610),#611,.T.);
#233=ADVANCED_FACE('',(#612),#613,.T.);
#234=ADVANCED_FACE('',(#614),#615,.T.);
#235=ADVANCED_FACE('',(#616),#617,.F.);
#236=ADVANCED_FACE('',(#618),#619,.T.);
#237=ADVANCED_FACE('',(#620),#621,.T.);
#238=ADVANCED_FACE('',(#622),#623,.T.);
#239=ADVANCED_FACE('',(#624),#625,.T.);
#240=ADVANCED_FACE('',(#626),#627,.T.);
#241=ADVANCED_FACE('',(#628),#629,.T.);
#242=ADVANCED_FACE('',(#630),#631,.T.);
#243=ADVANCED_FACE('',(#632),#633,.T.);
#244=ADVANCED_FACE('',(#634),#635,.T.);
#245=COMPOSITE_CURVE_SEGMENT(.CONTINUOUS.,.T.,#636);
#246=COMPOSITE_CURVE_SEGMENT(.CONTINUOUS.,.T.,#637);
#247=COMPOSITE_CURVE_SEGMENT(.CONTINUOUS.,.T.,#638);
#248=COMPOSITE_CURVE_SEGMENT(.CONTINUOUS.,.T.,#639);
#249=COMPOSITE_CURVE_SEGMENT(.CONTINUOUS.,.T.,#640);
#250=COMPOSITE_CURVE_SEGMENT(.CONTINUOUS.,.T.,#641);
#251=COMPOSITE_CURVE_SEGMENT(.CONTINUOUS.,.T.,#642);
#252=COMPOSITE_CURVE_SEGMENT(.CONTINUOUS.,.T.,#643);
#253=COMPOSITE_CURVE_SEGMENT(.CONTINUOUS.,.T.,#644);
#254=COMPOSITE_CURVE_SEGMENT(.CONTINUOUS.,.T.,#645);
#255=COMPOSITE_CURVE_SEGMENT(.CONTINUOUS.,.T.,#646);
#256=COMPOSITE_CURVE_SEGMENT(.CONTINUOUS.,.T.,#647);
#258=FACE_OUTER_BOUND('',#648,.T.);
#259=CYLINDRICAL_SURFACE('',#649,0.4);
#260=FACE_OUTER_BOUND('',#650,.T.);
#261=FACE_BOUND('',#651,.T.);
#262=FACE_BOUND('',#652,.T.);
#263=FACE_BOUND('',#653,.T.);
#264=FACE_BOUND('',#654,.T.);
#265=FACE_BOUND('',#655,.T.);
#266=FACE_BOUND('',#656,.T.);
#267=PLANE('',#657);
#268=FACE_OUTER_BOUND('',#658,.T.);
#269=PLANE('',#659);
#270=FACE_OUTER_BOUND('',#660,.T.);
#271=PLANE('',#661);
#272=FACE_OUTER_BOUND('',#662,.T.);
#273=PLANE('',#663);
#274=FACE_OUTER_BOUND('',#664,.T.);
#275=PLANE('',#665);
#276=FACE_OUTER_BOUND('',#666,.T.);
#277=FACE_BOUND('',#667,.T.);
#278=FACE_BOUND('',#668,.T.);
#279=FACE_BOUND('',#669,.T.);
#280=FACE_BOUND('',#670,.T.);
#281=FACE_BOUND('',#671,.T.);
#282=FACE_BOUND('',#672,.T.);
#283=PLANE('',#673);
#284=FACE_OUTER_BOUND('',#674,.T.);
#285=PLANE('',#675);
#286=FACE_OUTER_BOUND('',#676,.T.);
#287=PLANE('',#677);
#288=FACE_OUTER_BOUND('',#678,.T.);
#289=CYLINDRICAL_SURFACE('',#679,0.4);
#290=FACE_OUTER_BOUND('',#680,.T.);
#291=PLANE('',#681);
#292=FACE_OUTER_BOUND('',#682,.T.);
#293=PLANE('',#683);
#294=FACE_OUTER_BOUND('',#684,.T.);
#295=PLANE('',#685);
#296=FACE_OUTER_BOUND('',#686,.T.);
#297=PLANE('',#687);
#298=FACE_OUTER_BOUND('',#688,.T.);
#299=PLANE('',#689);
#300=FACE_OUTER_BOUND('',#690,.T.);
#301=PLANE('',#691);
#302=FACE_OUTER_BOUND('',#692,.T.);
#303=PLANE('',#693);
#304=FACE_OUTER_BOUND('',#694,.T.);
#305=PLANE('',#695);
#306=FACE_OUTER_BOUND('',#696,.T.);
#307=PLANE('',#697);
#308=FACE_OUTER_BOUND('',#698,.T.);
#309=PLANE('',#699);
#310=FACE_OUTER_BOUND('',#700,.T.);
#311=PLANE('',#701);
#312=FACE_OUTER_BOUND('',#702,.T.);
#313=FACE_BOUND('',#703,.T.);
#314=PLANE('',#704);
#315=FACE_OUTER_BOUND('',#705,.T.);
#316=FACE_BOUND('',#706,.T.);
#317=PLANE('',#707);
#318=FACE_OUTER_BOUND('',#708,.T.);
#319=PLANE('',#709);
#320=FACE_OUTER_BOUND('',#710,.T.);
#321=PLANE('',#711);
#322=FACE_OUTER_BOUND('',#712,.T.);
#323=PLANE('',#713);
#324=FACE_OUTER_BOUND('',#714,.T.);
#325=PLANE('',#715);
#326=FACE_OUTER_BOUND('',#716,.T.);
#327=PLANE('',#717);
#328=FACE_OUTER_BOUND('',#718,.T.);
#329=PLANE('',#719);
#330=FACE_OUTER_BOUND('',#720,.T.);
#331=PLANE('',#721);
#332=FACE_OUTER_BOUND('',#722,.T.);
#333=PLANE('',#723);
#334=FACE_OUTER_BOUND('',#724,.T.);
#335=PLANE('',#725);
#336=FACE_OUTER_BOUND('',#726,.T.);
#337=PLANE('',#727);
#338=FACE_OUTER_BOUND('',#728,.T.);
#339=PLANE('',#729);
#340=FACE_OUTER_BOUND('',#730,.T.);
#341=PLANE('',#731);
#342=FACE_OUTER_BOUND('',#732,.T.);
#343=CYLINDRICAL_SURFACE('',#733,0.68);
#344=FACE_OUTER_BOUND('',#734,.T.);
#345=PLANE('',#735);
#346=FACE_OUTER_BOUND('',#736,.T.);
#347=PLANE('',#737);
#348=FACE_OUTER_BOUND('',#738,.T.);
#349=PLANE('',#739);
#350=FACE_OUTER_BOUND('',#740,.T.);
#351=PLANE('',#741);
#352=FACE_OUTER_BOUND('',#742,.T.);
#353=PLANE('',#743);
#354=FACE_OUTER_BOUND('',#744,.T.);
#355=CYLINDRICAL_SURFACE('',#745,1.75);
#356=FACE_OUTER_BOUND('',#746,.T.);
#357=PLANE('',#747);
#358=FACE_OUTER_BOUND('',#748,.T.);
#359=PLANE('',#749);
#360=FACE_OUTER_BOUND('',#750,.T.);
#361=PLANE('',#751);
#362=FACE_OUTER_BOUND('',#752,.T.);
#363=PLANE('',#753);
#364=FACE_OUTER_BOUND('',#754,.T.);
#365=PLANE('',#755);
#366=FACE_OUTER_BOUND('',#756,.T.);
#367=PLANE('',#757);
#368=FACE_OUTER_BOUND('',#758,.T.);
#369=PLANE('',#759);
#370=FACE_OUTER_BOUND('',#760,.T.);
#371=PLANE('',#761);
#372=FACE_OUTER_BOUND('',#762,.T.);
#373=PLANE('',#763);
#374=FACE_OUTER_BOUND('',#764,.T.);
#375=PLANE('',#765);
#376=FACE_OUTER_BOUND('',#766,.T.);
#377=PLANE('',#767);
#378=FACE_OUTER_BOUND('',#768,.T.);
#379=PLANE('',#769);
#380=FACE_OUTER_BOUND('',#770,.T.);
#381=PLANE('',#771);
#382=FACE_OUTER_BOUND('',#772,.T.);
#383=PLANE('',#773);
#384=FACE_OUTER_BOUND('',#774,.T.);
#385=PLANE('',#775);
#386=FACE_OUTER_BOUND('',#776,.T.);
#387=PLANE('',#777);
#388=FACE_OUTER_BOUND('',#778,.T.);
#389=PLANE('',#779);
#390=FACE_OUTER_BOUND('',#780,.T.);
#391=PLANE('',#781);
#392=FACE_OUTER_BOUND('',#782,.T.);
#393=PLANE('',#783);
#394=FACE_OUTER_BOUND('',#784,.T.);
#395=PLANE('',#785);
#396=FACE_OUTER_BOUND('',#786,.T.);
#397=CYLINDRICAL_SURFACE('',#787,0.68);
#398=FACE_OUTER_BOUND('',#788,.T.);
#399=PLANE('',#789);
#400=FACE_OUTER_BOUND('',#790,.T.);
#401=PLANE('',#791);
#402=FACE_OUTER_BOUND('',#792,.T.);
#403=PLANE('',#793);
#404=FACE_OUTER_BOUND('',#794,.T.);
#405=CYLINDRICAL_SURFACE('',#795,1.75);
#406=FACE_OUTER_BOUND('',#796,.T.);
#407=PLANE('',#797);
#408=FACE_OUTER_BOUND('',#798,.T.);
#409=PLANE('',#799);
#410=FACE_OUTER_BOUND('',#800,.T.);
#411=PLANE('',#801);
#412=FACE_OUTER_BOUND('',#802,.T.);
#413=PLANE('',#803);
#414=FACE_OUTER_BOUND('',#804,.T.);
#415=PLANE('',#805);
#416=FACE_OUTER_BOUND('',#806,.T.);
#417=PLANE('',#807);
#418=FACE_OUTER_BOUND('',#808,.T.);
#419=FACE_BOUND('',#809,.T.);
#420=PLANE('',#810);
#421=FACE_OUTER_BOUND('',#811,.T.);
#422=FACE_BOUND('',#812,.T.);
#423=PLANE('',#813);
#424=FACE_OUTER_BOUND('',#814,.T.);
#425=PLANE('',#815);
#426=FACE_OUTER_BOUND('',#816,.T.);
#427=PLANE('',#817);
#428=FACE_OUTER_BOUND('',#818,.T.);
#429=PLANE('',#819);
#430=FACE_OUTER_BOUND('',#820,.T.);
#431=PLANE('',#821);
#432=FACE_OUTER_BOUND('',#822,.T.);
#433=PLANE('',#823);
#434=FACE_OUTER_BOUND('',#824,.T.);
#435=PLANE('',#825);
#436=FACE_OUTER_BOUND('',#826,.T.);
#437=PLANE('',#827);
#438=FACE_OUTER_BOUND('',#828,.T.);
#439=PLANE('',#829);
#440=FACE_OUTER_BOUND('',#830,.T.);
#441=PLANE('',#831);
#442=FACE_OUTER_BOUND('',#832,.T.);
#443=PLANE('',#833);
#444=FACE_OUTER_BOUND('',#834,.T.);
#445=PLANE('',#835);
#446=FACE_OUTER_BOUND('',#836,.T.);
#447=PLANE('',#837);
#448=FACE_OUTER_BOUND('',#838,.T.);
#449=PLANE('',#839);
#450=FACE_OUTER_BOUND('',#840,.T.);
#451=PLANE('',#841);
#452=FACE_OUTER_BOUND('',#842,.T.);
#453=CYLINDRICAL_SURFACE('',#843,0.68);
#454=FACE_OUTER_BOUND('',#844,.T.);
#455=PLANE('',#845);
#456=FACE_OUTER_BOUND('',#846,.T.);
#457=PLANE('',#847);
#458=FACE_OUTER_BOUND('',#848,.T.);
#459=PLANE('',#849);
#460=FACE_OUTER_BOUND('',#850,.T.);
#461=PLANE('',#851);
#462=FACE_OUTER_BOUND('',#852,.T.);
#463=PLANE('',#853);
#464=FACE_OUTER_BOUND('',#854,.T.);
#465=CYLINDRICAL_SURFACE('',#855,1.75);
#466=FACE_OUTER_BOUND('',#856,.T.);
#467=PLANE('',#857);
#468=FACE_OUTER_BOUND('',#858,.T.);
#469=PLANE('',#859);
#470=FACE_OUTER_BOUND('',#860,.T.);
#471=PLANE('',#861);
#472=FACE_OUTER_BOUND('',#862,.T.);
#473=PLANE('',#863);
#474=FACE_OUTER_BOUND('',#864,.T.);
#475=PLANE('',#865);
#476=FACE_OUTER_BOUND('',#866,.T.);
#477=PLANE('',#867);
#478=FACE_OUTER_BOUND('',#868,.T.);
#479=PLANE('',#869);
#480=FACE_OUTER_BOUND('',#870,.T.);
#481=PLANE('',#871);
#482=FACE_OUTER_BOUND('',#872,.T.);
#483=PLANE('',#873);
#484=FACE_OUTER_BOUND('',#874,.T.);
#485=PLANE('',#875);
#486=FACE_OUTER_BOUND('',#876,.T.);
#487=PLANE('',#877);
#488=FACE_OUTER_BOUND('',#878,.T.);
#489=PLANE('',#879);
#490=FACE_OUTER_BOUND('',#880,.T.);
#491=PLANE('',#881);
#492=FACE_OUTER_BOUND('',#882,.T.);
#493=PLANE('',#883);
#494=FACE_OUTER_BOUND('',#884,.T.);
#495=PLANE('',#885);
#496=FACE_OUTER_BOUND('',#886,.T.);
#497=PLANE('',#887);
#498=FACE_OUTER_BOUND('',#888,.T.);
#499=PLANE('',#889);
#500=FACE_OUTER_BOUND('',#890,.T.);
#501=PLANE('',#891);
#502=FACE_OUTER_BOUND('',#892,.T.);
#503=PLANE('',#893);
#504=FACE_OUTER_BOUND('',#894,.T.);
#505=PLANE('',#895);
#506=FACE_OUTER_BOUND('',#896,.T.);
#507=CYLINDRICAL_SURFACE('',#897,0.68);
#508=FACE_OUTER_BOUND('',#898,.T.);
#509=PLANE('',#899);
#510=FACE_OUTER_BOUND('',#900,.T.);
#511=PLANE('',#901);
#512=FACE_OUTER_BOUND('',#902,.T.);
#513=PLANE('',#903);
#514=FACE_OUTER_BOUND('',#904,.T.);
#515=CYLINDRICAL_SURFACE('',#905,1.75);
#516=FACE_OUTER_BOUND('',#906,.T.);
#517=PLANE('',#907);
#518=FACE_OUTER_BOUND('',#908,.T.);
#519=PLANE('',#909);
#520=FACE_OUTER_BOUND('',#910,.T.);
#521=PLANE('',#911);
#522=FACE_OUTER_BOUND('',#912,.T.);
#523=PLANE('',#913);
#524=FACE_OUTER_BOUND('',#914,.T.);
#525=PLANE('',#915);
#526=FACE_OUTER_BOUND('',#916,.T.);
#527=PLANE('',#917);
#528=FACE_OUTER_BOUND('',#918,.T.);
#529=FACE_BOUND('',#919,.T.);
#530=PLANE('',#920);
#531=FACE_OUTER_BOUND('',#921,.T.);
#532=FACE_BOUND('',#922,.T.);
#533=PLANE('',#923);
#534=FACE_OUTER_BOUND('',#924,.T.);
#535=PLANE('',#925);
#536=FACE_OUTER_BOUND('',#926,.T.);
#537=PLANE('',#927);
#538=FACE_OUTER_BOUND('',#928,.T.);
#539=PLANE('',#929);
#540=FACE_OUTER_BOUND('',#930,.T.);
#541=PLANE('',#931);
#542=FACE_OUTER_BOUND('',#932,.T.);
#543=PLANE('',#933);
#544=FACE_OUTER_BOUND('',#934,.T.);
#545=PLANE('',#935);
#546=FACE_OUTER_BOUND('',#936,.T.);
#547=PLANE('',#937);
#548=FACE_OUTER_BOUND('',#938,.T.);
#549=PLANE('',#939);
#550=FACE_OUTER_BOUND('',#940,.T.);
#551=PLANE('',#941);
#552=FACE_OUTER_BOUND('',#942,.T.);
#553=PLANE('',#943);
#554=FACE_OUTER_BOUND('',#944,.T.);
#555=PLANE('',#945);
#556=FACE_OUTER_BOUND('',#946,.T.);
#557=PLANE('',#947);
#558=FACE_OUTER_BOUND('',#948,.T.);
#559=PLANE('',#949);
#560=FACE_OUTER_BOUND('',#950,.T.);
#561=PLANE('',#951);
#562=FACE_OUTER_BOUND('',#952,.T.);
#563=CYLINDRICAL_SURFACE('',#953,0.68);
#564=FACE_OUTER_BOUND('',#954,.T.);
#565=PLANE('',#955);
#566=FACE_OUTER_BOUND('',#956,.T.);
#567=PLANE('',#957);
#568=FACE_OUTER_BOUND('',#958,.T.);
#569=PLANE('',#959);
#570=FACE_OUTER_BOUND('',#960,.T.);
#571=PLANE('',#961);
#572=FACE_OUTER_BOUND('',#962,.T.);
#573=PLANE('',#963);
#574=FACE_OUTER_BOUND('',#964,.T.);
#575=CYLINDRICAL_SURFACE('',#965,1.75);
#576=FACE_OUTER_BOUND('',#966,.T.);
#577=PLANE('',#967);
#578=FACE_OUTER_BOUND('',#968,.T.);
#579=PLANE('',#969);
#580=FACE_OUTER_BOUND('',#970,.T.);
#581=PLANE('',#971);
#582=FACE_OUTER_BOUND('',#972,.T.);
#583=PLANE('',#973);
#584=FACE_OUTER_BOUND('',#974,.T.);
#585=PLANE('',#975);
#586=FACE_OUTER_BOUND('',#976,.T.);
#587=PLANE('',#977);
#588=FACE_OUTER_BOUND('',#978,.T.);
#589=PLANE('',#979);
#590=FACE_OUTER_BOUND('',#980,.T.);
#591=PLANE('',#981);
#592=FACE_OUTER_BOUND('',#982,.T.);
#593=PLANE('',#983);
#594=FACE_OUTER_BOUND('',#984,.T.);
#595=PLANE('',#985);
#596=FACE_OUTER_BOUND('',#986,.T.);
#597=PLANE('',#987);
#598=FACE_OUTER_BOUND('',#988,.T.);
#599=PLANE('',#989);
#600=FACE_OUTER_BOUND('',#990,.T.);
#601=PLANE('',#991);
#602=FACE_OUTER_BOUND('',#992,.T.);
#603=PLANE('',#993);
#604=FACE_OUTER_BOUND('',#994,.T.);
#605=PLANE('',#995);
#606=FACE_OUTER_BOUND('',#996,.T.);
#607=PLANE('',#997);
#608=FACE_OUTER_BOUND('',#998,.T.);
#609=PLANE('',#999);
#610=FACE_OUTER_BOUND('',#1000,.T.);
#611=PLANE('',#1001);
#612=FACE_OUTER_BOUND('',#1002,.T.);
#613=PLANE('',#1003);
#614=FACE_OUTER_BOUND('',#1004,.T.);
#615=PLANE('',#1005);
#616=FACE_OUTER_BOUND('',#1006,.T.);
#617=CYLINDRICAL_SURFACE('',#1007,0.68);
#618=FACE_OUTER_BOUND('',#1008,.T.);
#619=PLANE('',#1009);
#620=FACE_OUTER_BOUND('',#1010,.T.);
#621=PLANE('',#1011);
#622=FACE_OUTER_BOUND('',#1012,.T.);
#623=PLANE('',#1013);
#624=FACE_OUTER_BOUND('',#1014,.T.);
#625=CYLINDRICAL_SURFACE('',#1015,1.75);
#626=FACE_OUTER_BOUND('',#1016,.T.);
#627=PLANE('',#1017);
#628=FACE_OUTER_BOUND('',#1018,.T.);
#629=PLANE('',#1019);
#630=FACE_OUTER_BOUND('',#1020,.T.);
#631=PLANE('',#1021);
#632=FACE_OUTER_BOUND('',#1022,.T.);
#633=PLANE('',#1023);
#634=FACE_OUTER_BOUND('',#1024,.T.);
#635=PLANE('',#1025);
#636=TRIMMED_CURVE('',#1026,(PARAMETER_VALUE(0.0)),(PARAMETER_VALUE(3.1415926535892)),.T.,.UNSPECIFIED.);
#637=TRIMMED_CURVE('',#1027,(PARAMETER_VALUE(0.0)),(PARAMETER_VALUE(3.1415926535892)),.T.,.UNSPECIFIED.);
#638=TRIMMED_CURVE('',#1028,(PARAMETER_VALUE(0.0)),(PARAMETER_VALUE(3.1415926535892)),.T.,.UNSPECIFIED.);
#639=TRIMMED_CURVE('',#1029,(PARAMETER_VALUE(0.0)),(PARAMETER_VALUE(3.1415926535892)),.T.,.UNSPECIFIED.);
#640=TRIMMED_CURVE('',#1030,(PARAMETER_VALUE(0.0)),(PARAMETER_VALUE(3.1415926535892)),.T.,.UNSPECIFIED.);
#641=TRIMMED_CURVE('',#1031,(PARAMETER_VALUE(0.0)),(PARAMETER_VALUE(3.1415926535892)),.T.,.UNSPECIFIED.);
#642=TRIMMED_CURVE('',#1032,(PARAMETER_VALUE(0.0)),(PARAMETER_VALUE(3.1415926535892)),.T.,.UNSPECIFIED.);
#643=TRIMMED_CURVE('',#1033,(PARAMETER_VALUE(0.0)),(PARAMETER_VALUE(3.1415926535892)),.T.,.UNSPECIFIED.);
#644=TRIMMED_CURVE('',#1034,(PARAMETER_VALUE(0.0)),(PARAMETER_VALUE(3.1415926535892)),.T.,.UNSPECIFIED.);
#645=TRIMMED_CURVE('',#1035,(PARAMETER_VALUE(0.0)),(PARAMETER_VALUE(3.1415926535892)),.T.,.UNSPECIFIED.);
#646=TRIMMED_CURVE('',#1036,(PARAMETER_VALUE(0.0)),(PARAMETER_VALUE(3.1415926535892)),.T.,.UNSPECIFIED.);
#647=TRIMMED_CURVE('',#1037,(PARAMETER_VALUE(0.0)),(PARAMETER_VALUE(3.1415926535892)),.T.,.UNSPECIFIED.);
#648=EDGE_LOOP('',(#1038,#1039,#1040,#1041));
#649=AXIS2_PLACEMENT_3D('',#1042,#1043,#1044);
#650=EDGE_LOOP('',(#1045,#1046,#1047,#1048,#1049,#1050,#1051,#1052));
#651=EDGE_LOOP('',(#1053,#1054,#1055,#1056));
#652=EDGE_LOOP('',(#1057,#1058,#1059,#1060));
#653=EDGE_LOOP('',(#1061,#1062,#1063,#1064));
#654=EDGE_LOOP('',(#1065,#1066,#1067,#1068));
#655=EDGE_LOOP('',(#1069,#1070,#1071,#1072));
#656=EDGE_LOOP('',(#1073,#1074,#1075,#1076));
#657=AXIS2_PLACEMENT_3D('',#1077,#1078,#1079);
#658=EDGE_LOOP('',(#1080,#1081,#1082,#1083));
#659=AXIS2_PLACEMENT_3D('',#1084,#1085,#1086);
#660=EDGE_LOOP('',(#1087,#1088,#1089,#1090,#1091,#1092,#1093,#1094));
#661=AXIS2_PLACEMENT_3D('',#1095,#1096,#1097);
#662=EDGE_LOOP('',(#1098,#1099,#1100,#1101));
#663=AXIS2_PLACEMENT_3D('',#1102,#1103,#1104);
#664=EDGE_LOOP('',(#1105,#1106,#1107,#1108));
#665=AXIS2_PLACEMENT_3D('',#1109,#1110,#1111);
#666=EDGE_LOOP('',(#1112,#1113,#1114,#1115,#1116,#1117,#1118,#1119,#1120,#1121,#1122,#1123,#1124));
#667=EDGE_LOOP('',(#1125,#1126,#1127,#1128,#1129,#1130));
#668=EDGE_LOOP('',(#1131,#1132,#1133,#1134));
#669=EDGE_LOOP('',(#1135,#1136,#1137,#1138));
#670=EDGE_LOOP('',(#1139,#1140,#1141,#1142,#1143,#1144));
#671=EDGE_LOOP('',(#1145,#1146,#1147,#1148));
#672=EDGE_LOOP('',(#1149,#1150,#1151,#1152,#1153,#1154));
#673=AXIS2_PLACEMENT_3D('',#1155,#1156,#1157);
#674=EDGE_LOOP('',(#1158,#1159,#1160,#1161,#1162,#1163,#1164,#1165));
#675=AXIS2_PLACEMENT_3D('',#1166,#1167,#1168);
#676=EDGE_LOOP('',(#1169,#1170,#1171));
#677=AXIS2_PLACEMENT_3D('',#1172,#1173,#1174);
#678=EDGE_LOOP('',(#1175,#1176,#1177,#1178));
#679=AXIS2_PLACEMENT_3D('',#1179,#1180,#1181);
#680=EDGE_LOOP('',(#1182,#1183,#1184,#1185));
#681=AXIS2_PLACEMENT_3D('',#1186,#1187,#1188);
#682=EDGE_LOOP('',(#1189,#1190,#1191,#1192));
#683=AXIS2_PLACEMENT_3D('',#1193,#1194,#1195);
#684=EDGE_LOOP('',(#1196,#1197,#1198,#1199));
#685=AXIS2_PLACEMENT_3D('',#1200,#1201,#1202);
#686=EDGE_LOOP('',(#1203,#1204,#1205,#1206));
#687=AXIS2_PLACEMENT_3D('',#1207,#1208,#1209);
#688=EDGE_LOOP('',(#1210,#1211,#1212,#1213));
#689=AXIS2_PLACEMENT_3D('',#1214,#1215,#1216);
#690=EDGE_LOOP('',(#1217,#1218,#1219,#1220));
#691=AXIS2_PLACEMENT_3D('',#1221,#1222,#1223);
#692=EDGE_LOOP('',(#1224,#1225,#1226,#1227));
#693=AXIS2_PLACEMENT_3D('',#1228,#1229,#1230);
#694=EDGE_LOOP('',(#1231,#1232,#1233,#1234));
#695=AXIS2_PLACEMENT_3D('',#1235,#1236,#1237);
#696=EDGE_LOOP('',(#1238,#1239,#1240,#1241));
#697=AXIS2_PLACEMENT_3D('',#1242,#1243,#1244);
#698=EDGE_LOOP('',(#1245,#1246,#1247,#1248));
#699=AXIS2_PLACEMENT_3D('',#1249,#1250,#1251);
#700=EDGE_LOOP('',(#1252,#1253,#1254,#1255));
#701=AXIS2_PLACEMENT_3D('',#1256,#1257,#1258);
#702=EDGE_LOOP('',(#1259,#1260,#1261,#1262,#1263,#1264));
#703=EDGE_LOOP('',(#1265,#1266,#1267,#1268));
#704=AXIS2_PLACEMENT_3D('',#1269,#1270,#1271);
#705=EDGE_LOOP('',(#1272,#1273,#1274,#1275));
#706=EDGE_LOOP('',(#1276,#1277,#1278,#1279));
#707=AXIS2_PLACEMENT_3D('',#1280,#1281,#1282);
#708=EDGE_LOOP('',(#1283,#1284,#1285,#1286));
#709=AXIS2_PLACEMENT_3D('',#1287,#1288,#1289);
#710=EDGE_LOOP('',(#1290,#1291,#1292,#1293));
#711=AXIS2_PLACEMENT_3D('',#1294,#1295,#1296);
#712=EDGE_LOOP('',(#1297,#1298,#1299,#1300));
#713=AXIS2_PLACEMENT_3D('',#1301,#1302,#1303);
#714=EDGE_LOOP('',(#1304,#1305,#1306,#1307));
#715=AXIS2_PLACEMENT_3D('',#1308,#1309,#1310);
#716=EDGE_LOOP('',(#1311,#1312,#1313,#1314));
#717=AXIS2_PLACEMENT_3D('',#1315,#1316,#1317);
#718=EDGE_LOOP('',(#1318,#1319,#1320,#1321));
#719=AXIS2_PLACEMENT_3D('',#1322,#1323,#1324);
#720=EDGE_LOOP('',(#1325,#1326,#1327,#1328,#1329,#1330));
#721=AXIS2_PLACEMENT_3D('',#1331,#1332,#1333);
#722=EDGE_LOOP('',(#1334,#1335,#1336,#1337,#1338,#1339,#1340,#1341));
#723=AXIS2_PLACEMENT_3D('',#1342,#1343,#1344);
#724=EDGE_LOOP('',(#1345,#1346,#1347,#1348));
#725=AXIS2_PLACEMENT_3D('',#1349,#1350,#1351);
#726=EDGE_LOOP('',(#1352,#1353,#1354,#1355));
#727=AXIS2_PLACEMENT_3D('',#1356,#1357,#1358);
#728=EDGE_LOOP('',(#1359,#1360,#1361,#1362));
#729=AXIS2_PLACEMENT_3D('',#1363,#1364,#1365);
#730=EDGE_LOOP('',(#1366,#1367,#1368,#1369));
#731=AXIS2_PLACEMENT_3D('',#1370,#1371,#1372);
#732=EDGE_LOOP('',(#1373,#1374,#1375,#1376));
#733=AXIS2_PLACEMENT_3D('',#1377,#1378,#1379);
#734=EDGE_LOOP('',(#1380,#1381,#1382,#1383));
#735=AXIS2_PLACEMENT_3D('',#1384,#1385,#1386);
#736=EDGE_LOOP('',(#1387,#1388,#1389,#1390));
#737=AXIS2_PLACEMENT_3D('',#1391,#1392,#1393);
#738=EDGE_LOOP('',(#1394,#1395,#1396,#1397));
#739=AXIS2_PLACEMENT_3D('',#1398,#1399,#1400);
#740=EDGE_LOOP('',(#1401,#1402,#1403,#1404));
#741=AXIS2_PLACEMENT_3D('',#1405,#1406,#1407);
#742=EDGE_LOOP('',(#1408,#1409,#1410,#1411));
#743=AXIS2_PLACEMENT_3D('',#1412,#1413,#1414);
#744=EDGE_LOOP('',(#1415,#1416,#1417,#1418));
#745=AXIS2_PLACEMENT_3D('',#1419,#1420,#1421);
#746=EDGE_LOOP('',(#1422,#1423,#1424,#1425));
#747=AXIS2_PLACEMENT_3D('',#1426,#1427,#1428);
#748=EDGE_LOOP('',(#1429,#1430,#1431,#1432));
#749=AXIS2_PLACEMENT_3D('',#1433,#1434,#1435);
#750=EDGE_LOOP('',(#1436,#1437,#1438,#1439));
#751=AXIS2_PLACEMENT_3D('',#1440,#1441,#1442);
#752=EDGE_LOOP('',(#1443,#1444,#1445,#1446));
#753=AXIS2_PLACEMENT_3D('',#1447,#1448,#1449);
#754=EDGE_LOOP('',(#1450,#1451,#1452,#1453,#1454,#1455));
#755=AXIS2_PLACEMENT_3D('',#1456,#1457,#1458);
#756=EDGE_LOOP('',(#1459,#1460,#1461,#1462,#1463,#1464,#1465,#1466));
#757=AXIS2_PLACEMENT_3D('',#1467,#1468,#1469);
#758=EDGE_LOOP('',(#1470,#1471,#1472,#1473));
#759=AXIS2_PLACEMENT_3D('',#1474,#1475,#1476);
#760=EDGE_LOOP('',(#1477,#1478,#1479,#1480));
#761=AXIS2_PLACEMENT_3D('',#1481,#1482,#1483);
#762=EDGE_LOOP('',(#1484,#1485,#1486,#1487));
#763=AXIS2_PLACEMENT_3D('',#1488,#1489,#1490);
#764=EDGE_LOOP('',(#1491,#1492,#1493,#1494));
#765=AXIS2_PLACEMENT_3D('',#1495,#1496,#1497);
#766=EDGE_LOOP('',(#1498,#1499,#1500,#1501));
#767=AXIS2_PLACEMENT_3D('',#1502,#1503,#1504);
#768=EDGE_LOOP('',(#1505,#1506,#1507,#1508));
#769=AXIS2_PLACEMENT_3D('',#1509,#1510,#1511);
#770=EDGE_LOOP('',(#1512,#1513,#1514,#1515));
#771=AXIS2_PLACEMENT_3D('',#1516,#1517,#1518);
#772=EDGE_LOOP('',(#1519,#1520,#1521,#1522));
#773=AXIS2_PLACEMENT_3D('',#1523,#1524,#1525);
#774=EDGE_LOOP('',(#1526,#1527,#1528,#1529));
#775=AXIS2_PLACEMENT_3D('',#1530,#1531,#1532);
#776=EDGE_LOOP('',(#1533,#1534,#1535,#1536));
#777=AXIS2_PLACEMENT_3D('',#1537,#1538,#1539);
#778=EDGE_LOOP('',(#1540,#1541,#1542,#1543));
#779=AXIS2_PLACEMENT_3D('',#1544,#1545,#1546);
#780=EDGE_LOOP('',(#1547,#1548,#1549,#1550));
#781=AXIS2_PLACEMENT_3D('',#1551,#1552,#1553);
#782=EDGE_LOOP('',(#1554,#1555,#1556,#1557));
#783=AXIS2_PLACEMENT_3D('',#1558,#1559,#1560);
#784=EDGE_LOOP('',(#1561,#1562,#1563,#1564));
#785=AXIS2_PLACEMENT_3D('',#1565,#1566,#1567);
#786=EDGE_LOOP('',(#1568,#1569,#1570,#1571));
#787=AXIS2_PLACEMENT_3D('',#1572,#1573,#1574);
#788=EDGE_LOOP('',(#1575,#1576,#1577,#1578));
#789=AXIS2_PLACEMENT_3D('',#1579,#1580,#1581);
#790=EDGE_LOOP('',(#1582,#1583,#1584,#1585));
#791=AXIS2_PLACEMENT_3D('',#1586,#1587,#1588);
#792=EDGE_LOOP('',(#1589,#1590,#1591,#1592));
#793=AXIS2_PLACEMENT_3D('',#1593,#1594,#1595);
#794=EDGE_LOOP('',(#1596,#1597,#1598,#1599));
#795=AXIS2_PLACEMENT_3D('',#1600,#1601,#1602);
#796=EDGE_LOOP('',(#1603,#1604,#1605,#1606));
#797=AXIS2_PLACEMENT_3D('',#1607,#1608,#1609);
#798=EDGE_LOOP('',(#1610,#1611,#1612,#1613));
#799=AXIS2_PLACEMENT_3D('',#1614,#1615,#1616);
#800=EDGE_LOOP('',(#1617,#1618,#1619,#1620));
#801=AXIS2_PLACEMENT_3D('',#1621,#1622,#1623);
#802=EDGE_LOOP('',(#1624,#1625,#1626,#1627));
#803=AXIS2_PLACEMENT_3D('',#1628,#1629,#1630);
#804=EDGE_LOOP('',(#1631,#1632,#1633,#1634));
#805=AXIS2_PLACEMENT_3D('',#1635,#1636,#1637);
#806=EDGE_LOOP('',(#1638,#1639,#1640,#1641));
#807=AXIS2_PLACEMENT_3D('',#1642,#1643,#1644);
#808=EDGE_LOOP('',(#1645,#1646,#1647,#1648));
#809=EDGE_LOOP('',(#1649,#1650,#1651,#1652));
#810=AXIS2_PLACEMENT_3D('',#1653,#1654,#1655);
#811=EDGE_LOOP('',(#1656,#1657,#1658,#1659,#1660,#1661));
#812=EDGE_LOOP('',(#1662,#1663,#1664,#1665));
#813=AXIS2_PLACEMENT_3D('',#1666,#1667,#1668);
#814=EDGE_LOOP('',(#1669,#1670,#1671,#1672));
#815=AXIS2_PLACEMENT_3D('',#1673,#1674,#1675);
#816=EDGE_LOOP('',(#1676,#1677,#1678,#1679));
#817=AXIS2_PLACEMENT_3D('',#1680,#1681,#1682);
#818=EDGE_LOOP('',(#1683,#1684,#1685,#1686));
#819=AXIS2_PLACEMENT_3D('',#1687,#1688,#1689);
#820=EDGE_LOOP('',(#1690,#1691,#1692,#1693));
#821=AXIS2_PLACEMENT_3D('',#1694,#1695,#1696);
#822=EDGE_LOOP('',(#1697,#1698,#1699,#1700));
#823=AXIS2_PLACEMENT_3D('',#1701,#1702,#1703);
#824=EDGE_LOOP('',(#1704,#1705,#1706,#1707));
#825=AXIS2_PLACEMENT_3D('',#1708,#1709,#1710);
#826=EDGE_LOOP('',(#1711,#1712,#1713,#1714));
#827=AXIS2_PLACEMENT_3D('',#1715,#1716,#1717);
#828=EDGE_LOOP('',(#1718,#1719,#1720,#1721));
#829=AXIS2_PLACEMENT_3D('',#1722,#1723,#1724);
#830=EDGE_LOOP('',(#1725,#1726,#1727,#1728,#1729,#1730));
#831=AXIS2_PLACEMENT_3D('',#1731,#1732,#1733);
#832=EDGE_LOOP('',(#1734,#1735,#1736,#1737,#1738,#1739,#1740,#1741));
#833=AXIS2_PLACEMENT_3D('',#1742,#1743,#1744);
#834=EDGE_LOOP('',(#1745,#1746,#1747,#1748));
#835=AXIS2_PLACEMENT_3D('',#1749,#1750,#1751);
#836=EDGE_LOOP('',(#1752,#1753,#1754,#1755));
#837=AXIS2_PLACEMENT_3D('',#1756,#1757,#1758);
#838=EDGE_LOOP('',(#1759,#1760,#1761,#1762));
#839=AXIS2_PLACEMENT_3D('',#1763,#1764,#1765);
#840=EDGE_LOOP('',(#1766,#1767,#1768,#1769));
#841=AXIS2_PLACEMENT_3D('',#1770,#1771,#1772);
#842=EDGE_LOOP('',(#1773,#1774,#1775,#1776));
#843=AXIS2_PLACEMENT_3D('',#1777,#1778,#1779);
#844=EDGE_LOOP('',(#1780,#1781,#1782,#1783));
#845=AXIS2_PLACEMENT_3D('',#1784,#1785,#1786);
#846=EDGE_LOOP('',(#1787,#1788,#1789,#1790));
#847=AXIS2_PLACEMENT_3D('',#1791,#1792,#1793);
#848=EDGE_LOOP('',(#1794,#1795,#1796,#1797));
#849=AXIS2_PLACEMENT_3D('',#1798,#1799,#1800);
#850=EDGE_LOOP('',(#1801,#1802,#1803,#1804));
#851=AXIS2_PLACEMENT_3D('',#1805,#1806,#1807);
#852=EDGE_LOOP('',(#1808,#1809,#1810,#1811));
#853=AXIS2_PLACEMENT_3D('',#1812,#1813,#1814);
#854=EDGE_LOOP('',(#1815,#1816,#1817,#1818));
#855=AXIS2_PLACEMENT_3D('',#1819,#1820,#1821);
#856=EDGE_LOOP('',(#1822,#1823,#1824,#1825));
#857=AXIS2_PLACEMENT_3D('',#1826,#1827,#1828);
#858=EDGE_LOOP('',(#1829,#1830,#1831,#1832));
#859=AXIS2_PLACEMENT_3D('',#1833,#1834,#1835);
#860=EDGE_LOOP('',(#1836,#1837,#1838,#1839));
#861=AXIS2_PLACEMENT_3D('',#1840,#1841,#1842);
#862=EDGE_LOOP('',(#1843,#1844,#1845,#1846));
#863=AXIS2_PLACEMENT_3D('',#1847,#1848,#1849);
#864=EDGE_LOOP('',(#1850,#1851,#1852,#1853,#1854,#1855));
#865=AXIS2_PLACEMENT_3D('',#1856,#1857,#1858);
#866=EDGE_LOOP('',(#1859,#1860,#1861,#1862,#1863,#1864,#1865,#1866));
#867=AXIS2_PLACEMENT_3D('',#1867,#1868,#1869);
#868=EDGE_LOOP('',(#1870,#1871,#1872,#1873));
#869=AXIS2_PLACEMENT_3D('',#1874,#1875,#1876);
#870=EDGE_LOOP('',(#1877,#1878,#1879,#1880));
#871=AXIS2_PLACEMENT_3D('',#1881,#1882,#1883);
#872=EDGE_LOOP('',(#1884,#1885,#1886,#1887));
#873=AXIS2_PLACEMENT_3D('',#1888,#1889,#1890);
#874=EDGE_LOOP('',(#1891,#1892,#1893,#1894));
#875=AXIS2_PLACEMENT_3D('',#1895,#1896,#1897);
#876=EDGE_LOOP('',(#1898,#1899,#1900,#1901));
#877=AXIS2_PLACEMENT_3D('',#1902,#1903,#1904);
#878=EDGE_LOOP('',(#1905,#1906,#1907,#1908));
#879=AXIS2_PLACEMENT_3D('',#1909,#1910,#1911);
#880=EDGE_LOOP('',(#1912,#1913,#1914,#1915));
#881=AXIS2_PLACEMENT_3D('',#1916,#1917,#1918);
#882=EDGE_LOOP('',(#1919,#1920,#1921,#1922));
#883=AXIS2_PLACEMENT_3D('',#1923,#1924,#1925);
#884=EDGE_LOOP('',(#1926,#1927,#1928,#1929));
#885=AXIS2_PLACEMENT_3D('',#1930,#1931,#1932);
#886=EDGE_LOOP('',(#1933,#1934,#1935,#1936));
#887=AXIS2_PLACEMENT_3D('',#1937,#1938,#1939);
#888=EDGE_LOOP('',(#1940,#1941,#1942,#1943));
#889=AXIS2_PLACEMENT_3D('',#1944,#1945,#1946);
#890=EDGE_LOOP('',(#1947,#1948,#1949,#1950));
#891=AXIS2_PLACEMENT_3D('',#1951,#1952,#1953);
#892=EDGE_LOOP('',(#1954,#1955,#1956,#1957));
#893=AXIS2_PLACEMENT_3D('',#1958,#1959,#1960);
#894=EDGE_LOOP('',(#1961,#1962,#1963,#1964));
#895=AXIS2_PLACEMENT_3D('',#1965,#1966,#1967);
#896=EDGE_LOOP('',(#1968,#1969,#1970,#1971));
#897=AXIS2_PLACEMENT_3D('',#1972,#1973,#1974);
#898=EDGE_LOOP('',(#1975,#1976,#1977,#1978));
#899=AXIS2_PLACEMENT_3D('',#1979,#1980,#1981);
#900=EDGE_LOOP('',(#1982,#1983,#1984,#1985));
#901=AXIS2_PLACEMENT_3D('',#1986,#1987,#1988);
#902=EDGE_LOOP('',(#1989,#1990,#1991,#1992));
#903=AXIS2_PLACEMENT_3D('',#1993,#1994,#1995);
#904=EDGE_LOOP('',(#1996,#1997,#1998,#1999));
#905=AXIS2_PLACEMENT_3D('',#2000,#2001,#2002);
#906=EDGE_LOOP('',(#2003,#2004,#2005,#2006));
#907=AXIS2_PLACEMENT_3D('',#2007,#2008,#2009);
#908=EDGE_LOOP('',(#2010,#2011,#2012,#2013));
#909=AXIS2_PLACEMENT_3D('',#2014,#2015,#2016);
#910=EDGE_LOOP('',(#2017,#2018,#2019,#2020));
#911=AXIS2_PLACEMENT_3D('',#2021,#2022,#2023);
#912=EDGE_LOOP('',(#2024,#2025,#2026,#2027));
#913=AXIS2_PLACEMENT_3D('',#2028,#2029,#2030);
#914=EDGE_LOOP('',(#2031,#2032,#2033,#2034));
#915=AXIS2_PLACEMENT_3D('',#2035,#2036,#2037);
#916=EDGE_LOOP('',(#2038,#2039,#2040,#2041));
#917=AXIS2_PLACEMENT_3D('',#2042,#2043,#2044);
#918=EDGE_LOOP('',(#2045,#2046,#2047,#2048));
#919=EDGE_LOOP('',(#2049,#2050,#2051,#2052));
#920=AXIS2_PLACEMENT_3D('',#2053,#2054,#2055);
#921=EDGE_LOOP('',(#2056,#2057,#2058,#2059,#2060,#2061));
#922=EDGE_LOOP('',(#2062,#2063,#2064,#2065));
#923=AXIS2_PLACEMENT_3D('',#2066,#2067,#2068);
#924=EDGE_LOOP('',(#2069,#2070,#2071,#2072));
#925=AXIS2_PLACEMENT_3D('',#2073,#2074,#2075);
#926=EDGE_LOOP('',(#2076,#2077,#2078,#2079));
#927=AXIS2_PLACEMENT_3D('',#2080,#2081,#2082);
#928=EDGE_LOOP('',(#2083,#2084,#2085,#2086));
#929=AXIS2_PLACEMENT_3D('',#2087,#2088,#2089);
#930=EDGE_LOOP('',(#2090,#2091,#2092,#2093));
#931=AXIS2_PLACEMENT_3D('',#2094,#2095,#2096);
#932=EDGE_LOOP('',(#2097,#2098,#2099,#2100));
#933=AXIS2_PLACEMENT_3D('',#2101,#2102,#2103);
#934=EDGE_LOOP('',(#2104,#2105,#2106,#2107));
#935=AXIS2_PLACEMENT_3D('',#2108,#2109,#2110);
#936=EDGE_LOOP('',(#2111,#2112,#2113,#2114));
#937=AXIS2_PLACEMENT_3D('',#2115,#2116,#2117);
#938=EDGE_LOOP('',(#2118,#2119,#2120,#2121));
#939=AXIS2_PLACEMENT_3D('',#2122,#2123,#2124);
#940=EDGE_LOOP('',(#2125,#2126,#2127,#2128,#2129,#2130));
#941=AXIS2_PLACEMENT_3D('',#2131,#2132,#2133);
#942=EDGE_LOOP('',(#2134,#2135,#2136,#2137,#2138,#2139,#2140,#2141));
#943=AXIS2_PLACEMENT_3D('',#2142,#2143,#2144);
#944=EDGE_LOOP('',(#2145,#2146,#2147,#2148));
#945=AXIS2_PLACEMENT_3D('',#2149,#2150,#2151);
#946=EDGE_LOOP('',(#2152,#2153,#2154,#2155));
#947=AXIS2_PLACEMENT_3D('',#2156,#2157,#2158);
#948=EDGE_LOOP('',(#2159,#2160,#2161,#2162));
#949=AXIS2_PLACEMENT_3D('',#2163,#2164,#2165);
#950=EDGE_LOOP('',(#2166,#2167,#2168,#2169));
#951=AXIS2_PLACEMENT_3D('',#2170,#2171,#2172);
#952=EDGE_LOOP('',(#2173,#2174,#2175,#2176));
#953=AXIS2_PLACEMENT_3D('',#2177,#2178,#2179);
#954=EDGE_LOOP('',(#2180,#2181,#2182,#2183));
#955=AXIS2_PLACEMENT_3D('',#2184,#2185,#2186);
#956=EDGE_LOOP('',(#2187,#2188,#2189,#2190));
#957=AXIS2_PLACEMENT_3D('',#2191,#2192,#2193);
#958=EDGE_LOOP('',(#2194,#2195,#2196,#2197));
#959=AXIS2_PLACEMENT_3D('',#2198,#2199,#2200);
#960=EDGE_LOOP('',(#2201,#2202,#2203,#2204));
#961=AXIS2_PLACEMENT_3D('',#2205,#2206,#2207);
#962=EDGE_LOOP('',(#2208,#2209,#2210,#2211));
#963=AXIS2_PLACEMENT_3D('',#2212,#2213,#2214);
#964=EDGE_LOOP('',(#2215,#2216,#2217,#2218));
#965=AXIS2_PLACEMENT_3D('',#2219,#2220,#2221);
#966=EDGE_LOOP('',(#2222,#2223,#2224,#2225));
#967=AXIS2_PLACEMENT_3D('',#2226,#2227,#2228);
#968=EDGE_LOOP('',(#2229,#2230,#2231,#2232));
#969=AXIS2_PLACEMENT_3D('',#2233,#2234,#2235);
#970=EDGE_LOOP('',(#2236,#2237,#2238,#2239));
#971=AXIS2_PLACEMENT_3D('',#2240,#2241,#2242);
#972=EDGE_LOOP('',(#2243,#2244,#2245,#2246));
#973=AXIS2_PLACEMENT_3D('',#2247,#2248,#2249);
#974=EDGE_LOOP('',(#2250,#2251,#2252,#2253,#2254,#2255));
#975=AXIS2_PLACEMENT_3D('',#2256,#2257,#2258);
#976=EDGE_LOOP('',(#2259,#2260,#2261,#2262,#2263,#2264,#2265,#2266));
#977=AXIS2_PLACEMENT_3D('',#2267,#2268,#2269);
#978=EDGE_LOOP('',(#2270,#2271,#2272,#2273));
#979=AXIS2_PLACEMENT_3D('',#2274,#2275,#2276);
#980=EDGE_LOOP('',(#2277,#2278,#2279,#2280));
#981=AXIS2_PLACEMENT_3D('',#2281,#2282,#2283);
#982=EDGE_LOOP('',(#2284,#2285,#2286,#2287));
#983=AXIS2_PLACEMENT_3D('',#2288,#2289,#2290);
#984=EDGE_LOOP('',(#2291,#2292,#2293,#2294));
#985=AXIS2_PLACEMENT_3D('',#2295,#2296,#2297);
#986=EDGE_LOOP('',(#2298,#2299,#2300,#2301));
#987=AXIS2_PLACEMENT_3D('',#2302,#2303,#2304);
#988=EDGE_LOOP('',(#2305,#2306,#2307,#2308));
#989=AXIS2_PLACEMENT_3D('',#2309,#2310,#2311);
#990=EDGE_LOOP('',(#2312,#2313,#2314,#2315));
#991=AXIS2_PLACEMENT_3D('',#2316,#2317,#2318);
#992=EDGE_LOOP('',(#2319,#2320,#2321,#2322));
#993=AXIS2_PLACEMENT_3D('',#2323,#2324,#2325);
#994=EDGE_LOOP('',(#2326,#2327,#2328,#2329));
#995=AXIS2_PLACEMENT_3D('',#2330,#2331,#2332);
#996=EDGE_LOOP('',(#2333,#2334,#2335,#2336));
#997=AXIS2_PLACEMENT_3D('',#2337,#2338,#2339);
#998=EDGE_LOOP('',(#2340,#2341,#2342,#2343));
#999=AXIS2_PLACEMENT_3D('',#2344,#2345,#2346);
#1000=EDGE_LOOP('',(#2347,#2348,#2349,#2350));
#1001=AXIS2_PLACEMENT_3D('',#2351,#2352,#2353);
#1002=EDGE_LOOP('',(#2354,#2355,#2356,#2357));
#1003=AXIS2_PLACEMENT_3D('',#2358,#2359,#2360);
#1004=EDGE_LOOP('',(#2361,#2362,#2363,#2364));
#1005=AXIS2_PLACEMENT_3D('',#2365,#2366,#2367);
#1006=EDGE_LOOP('',(#2368,#2369,#2370,#2371));
#1007=AXIS2_PLACEMENT_3D('',#2372,#2373,#2374);
#1008=EDGE_LOOP('',(#2375,#2376,#2377,#2378));
#1009=AXIS2_PLACEMENT_3D('',#2379,#2380,#2381);
#1010=EDGE_LOOP('',(#2382,#2383,#2384,#2385));
#1011=AXIS2_PLACEMENT_3D('',#2386,#2387,#2388);
#1012=EDGE_LOOP('',(#2389,#2390,#2391,#2392));
#1013=AXIS2_PLACEMENT_3D('',#2393,#2394,#2395);
#1014=EDGE_LOOP('',(#2396,#2397,#2398,#2399));
#1015=AXIS2_PLACEMENT_3D('',#2400,#2401,#2402);
#1016=EDGE_LOOP('',(#2403,#2404,#2405,#2406));
#1017=AXIS2_PLACEMENT_3D('',#2407,#2408,#2409);
#1018=EDGE_LOOP('',(#2410,#2411,#2412,#2413));
#1019=AXIS2_PLACEMENT_3D('',#2414,#2415,#2416);
#1020=EDGE_LOOP('',(#2417,#2418,#2419,#2420));
#1021=AXIS2_PLACEMENT_3D('',#2421,#2422,#2423);
#1022=EDGE_LOOP('',(#2424,#2425,#2426,#2427));
#1023=AXIS2_PLACEMENT_3D('',#2428,#2429,#2430);
#1024=EDGE_LOOP('',(#2431,#2432,#2433,#2434));
#1025=AXIS2_PLACEMENT_3D('',#2435,#2436,#2437);
#1026=CIRCLE('',#2438,0.9);
#1027=CIRCLE('',#2439,0.9);
#1028=CIRCLE('',#2440,0.9);
#1029=CIRCLE('',#2441,0.9);
#1030=CIRCLE('',#2442,0.9);
#1031=CIRCLE('',#2443,0.9);
#1032=CIRCLE('',#2444,0.9);
#1033=CIRCLE('',#2445,0.9);
#1034=CIRCLE('',#2446,0.9);
#1035=CIRCLE('',#2447,0.9);
#1036=CIRCLE('',#2448,0.9);
#1037=CIRCLE('',#2449,0.9);
#1038=ORIENTED_EDGE('',*,*,#2450,.F.);
#1039=ORIENTED_EDGE('',*,*,#2451,.F.);
#1040=ORIENTED_EDGE('',*,*,#2452,.F.);
#1041=ORIENTED_EDGE('',*,*,#2453,.T.);
#1042=CARTESIAN_POINT('',(6.4,-2.25,-6.9));
#1043=DIRECTION('',(1.0,-0.0,0.0));
#1044=DIRECTION('',(0.0,0.0,1.0));
#1045=ORIENTED_EDGE('',*,*,#2454,.F.);
#1046=ORIENTED_EDGE('',*,*,#2455,.F.);
#1047=ORIENTED_EDGE('',*,*,#2456,.F.);
#1048=ORIENTED_EDGE('',*,*,#2457,.F.);
#1049=ORIENTED_EDGE('',*,*,#2458,.F.);
#1050=ORIENTED_EDGE('',*,*,#2459,.F.);
#1051=ORIENTED_EDGE('',*,*,#2460,.F.);
#1052=ORIENTED_EDGE('',*,*,#2461,.F.);
#1053=ORIENTED_EDGE('',*,*,#2462,.T.);
#1054=ORIENTED_EDGE('',*,*,#2463,.F.);
#1055=ORIENTED_EDGE('',*,*,#2464,.F.);
#1056=ORIENTED_EDGE('',*,*,#2465,.T.);
#1057=ORIENTED_EDGE('',*,*,#2466,.T.);
#1058=ORIENTED_EDGE('',*,*,#2467,.F.);
#1059=ORIENTED_EDGE('',*,*,#2468,.F.);
#1060=ORIENTED_EDGE('',*,*,#2469,.T.);
#1061=ORIENTED_EDGE('',*,*,#2470,.T.);
#1062=ORIENTED_EDGE('',*,*,#2471,.F.);
#1063=ORIENTED_EDGE('',*,*,#2472,.F.);
#1064=ORIENTED_EDGE('',*,*,#2473,.T.);
#1065=ORIENTED_EDGE('',*,*,#2474,.T.);
#1066=ORIENTED_EDGE('',*,*,#2475,.F.);
#1067=ORIENTED_EDGE('',*,*,#2476,.F.);
#1068=ORIENTED_EDGE('',*,*,#2477,.T.);
#1069=ORIENTED_EDGE('',*,*,#2478,.T.);
#1070=ORIENTED_EDGE('',*,*,#2479,.F.);
#1071=ORIENTED_EDGE('',*,*,#2480,.F.);
#1072=ORIENTED_EDGE('',*,*,#2481,.T.);
#1073=ORIENTED_EDGE('',*,*,#2482,.T.);
#1074=ORIENTED_EDGE('',*,*,#2483,.F.);
#1075=ORIENTED_EDGE('',*,*,#2484,.F.);
#1076=ORIENTED_EDGE('',*,*,#2485,.T.);
#1077=CARTESIAN_POINT('',(-6.4,0.0,0.0));
#1078=DIRECTION('',(1.0,0.0,0.0));
#1079=DIRECTION('',(0.0,1.0,0.0));
#1080=ORIENTED_EDGE('',*,*,#2486,.T.);
#1081=ORIENTED_EDGE('',*,*,#2487,.F.);
#1082=ORIENTED_EDGE('',*,*,#2488,.F.);
#1083=ORIENTED_EDGE('',*,*,#2461,.T.);
#1084=CARTESIAN_POINT('',(-6.4,5.0,6.9));
#1085=DIRECTION('',(0.0,0.0,1.0));
#1086=DIRECTION('',(1.0,0.0,0.0));
#1087=ORIENTED_EDGE('',*,*,#2489,.F.);
#1088=ORIENTED_EDGE('',*,*,#2490,.F.);
#1089=ORIENTED_EDGE('',*,*,#2454,.T.);
#1090=ORIENTED_EDGE('',*,*,#2488,.T.);
#1091=ORIENTED_EDGE('',*,*,#2491,.F.);
#1092=ORIENTED_EDGE('',*,*,#2492,.T.);
#1093=ORIENTED_EDGE('',*,*,#2493,.F.);
#1094=ORIENTED_EDGE('',*,*,#2494,.F.);
#1095=CARTESIAN_POINT('',(-6.4,5.0,-6.9));
#1096=DIRECTION('',(-0.0,1.0,0.0));
#1097=DIRECTION('',(1.0,0.0,0.0));
#1098=ORIENTED_EDGE('',*,*,#2495,.F.);
#1099=ORIENTED_EDGE('',*,*,#2496,.F.);
#1100=ORIENTED_EDGE('',*,*,#2497,.F.);
#1101=ORIENTED_EDGE('',*,*,#2494,.T.);
#1102=CARTESIAN_POINT('',(0.0,0.0,-1.7));
#1103=DIRECTION('',(0.0,0.0,1.0));
#1104=DIRECTION('',(1.0,0.0,0.0));
#1105=ORIENTED_EDGE('',*,*,#2497,.T.);
#1106=ORIENTED_EDGE('',*,*,#2498,.T.);
#1107=ORIENTED_EDGE('',*,*,#2499,.F.);
#1108=ORIENTED_EDGE('',*,*,#2500,.F.);
#1109=CARTESIAN_POINT('',(6.4,5.0,-1.7));
#1110=DIRECTION('',(0.511805175094575,0.859101543908758,0.0));
#1111=DIRECTION('',(0.0,0.0,-1.0));
#1112=ORIENTED_EDGE('',*,*,#2489,.T.);
#1113=ORIENTED_EDGE('',*,*,#2500,.T.);
#1114=ORIENTED_EDGE('',*,*,#2491,.T.);
#1115=ORIENTED_EDGE('',*,*,#2487,.T.);
#1116=ORIENTED_EDGE('',*,*,#2501,.T.);
#1117=ORIENTED_EDGE('',*,*,#2502,.T.);
#1118=ORIENTED_EDGE('',*,*,#2503,.T.);
#1119=ORIENTED_EDGE('',*,*,#2504,.T.);
#1120=ORIENTED_EDGE('',*,*,#2505,.T.);
#1121=ORIENTED_EDGE('',*,*,#2506,.T.);
#1122=ORIENTED_EDGE('',*,*,#2507,.F.);
#1123=ORIENTED_EDGE('',*,*,#2453,.F.);
#1124=ORIENTED_EDGE('',*,*,#2508,.T.);
#1125=ORIENTED_EDGE('',*,*,#2509,.F.);
#1126=ORIENTED_EDGE('',*,*,#2510,.F.);
#1127=ORIENTED_EDGE('',*,*,#2511,.F.);
#1128=ORIENTED_EDGE('',*,*,#2512,.F.);
#1129=ORIENTED_EDGE('',*,*,#2513,.F.);
#1130=ORIENTED_EDGE('',*,*,#2514,.F.);
#1131=ORIENTED_EDGE('',*,*,#2515,.F.);
#1132=ORIENTED_EDGE('',*,*,#2516,.F.);
#1133=ORIENTED_EDGE('',*,*,#2517,.F.);
#1134=ORIENTED_EDGE('',*,*,#2518,.F.);
#1135=ORIENTED_EDGE('',*,*,#2519,.F.);
#1136=ORIENTED_EDGE('',*,*,#2520,.F.);
#1137=ORIENTED_EDGE('',*,*,#2521,.F.);
#1138=ORIENTED_EDGE('',*,*,#2522,.F.);
#1139=ORIENTED_EDGE('',*,*,#2523,.F.);
#1140=ORIENTED_EDGE('',*,*,#2524,.F.);
#1141=ORIENTED_EDGE('',*,*,#2525,.F.);
#1142=ORIENTED_EDGE('',*,*,#2526,.F.);
#1143=ORIENTED_EDGE('',*,*,#2527,.F.);
#1144=ORIENTED_EDGE('',*,*,#2528,.F.);
#1145=ORIENTED_EDGE('',*,*,#2529,.F.);
#1146=ORIENTED_EDGE('',*,*,#2530,.F.);
#1147=ORIENTED_EDGE('',*,*,#2531,.F.);
#1148=ORIENTED_EDGE('',*,*,#2532,.F.);
#1149=ORIENTED_EDGE('',*,*,#2533,.F.);
#1150=ORIENTED_EDGE('',*,*,#2534,.F.);
#1151=ORIENTED_EDGE('',*,*,#2535,.F.);
#1152=ORIENTED_EDGE('',*,*,#2536,.F.);
#1153=ORIENTED_EDGE('',*,*,#2537,.F.);
#1154=ORIENTED_EDGE('',*,*,#2538,.F.);
#1155=CARTESIAN_POINT('',(6.4,0.0,0.0));
#1156=DIRECTION('',(1.0,0.0,0.0));
#1157=DIRECTION('',(0.0,1.0,0.0));
#1158=ORIENTED_EDGE('',*,*,#2539,.F.);
#1159=ORIENTED_EDGE('',*,*,#2506,.F.);
#1160=ORIENTED_EDGE('',*,*,#2540,.F.);
#1161=ORIENTED_EDGE('',*,*,#2455,.T.);
#1162=ORIENTED_EDGE('',*,*,#2490,.T.);
#1163=ORIENTED_EDGE('',*,*,#2508,.F.);
#1164=ORIENTED_EDGE('',*,*,#2452,.T.);
#1165=ORIENTED_EDGE('',*,*,#2541,.F.);
#1166=CARTESIAN_POINT('',(-6.4,-5.0,-6.9));
#1167=DIRECTION('',(0.0,0.0,-1.0));
#1168=DIRECTION('',(0.0,-1.0,0.0));
#1169=ORIENTED_EDGE('',*,*,#2451,.T.);
#1170=ORIENTED_EDGE('',*,*,#2542,.T.);
#1171=ORIENTED_EDGE('',*,*,#2541,.T.);
#1172=CARTESIAN_POINT('',(-5.9,0.0,0.0));
#1173=DIRECTION('',(-1.0,0.0,0.0));
#1174=DIRECTION('',(0.0,0.0,1.0));
#1175=ORIENTED_EDGE('',*,*,#2450,.T.);
#1176=ORIENTED_EDGE('',*,*,#2507,.T.);
#1177=ORIENTED_EDGE('',*,*,#2539,.T.);
#1178=ORIENTED_EDGE('',*,*,#2542,.F.);
#1179=CARTESIAN_POINT('',(6.4,-2.25,-6.9));
#1180=DIRECTION('',(1.0,-0.0,0.0));
#1181=DIRECTION('',(0.0,0.0,1.0));
#1182=ORIENTED_EDGE('',*,*,#2540,.T.);
#1183=ORIENTED_EDGE('',*,*,#2505,.F.);
#1184=ORIENTED_EDGE('',*,*,#2543,.F.);
#1185=ORIENTED_EDGE('',*,*,#2456,.T.);
#1186=CARTESIAN_POINT('',(-6.4,-5.0,-5.15));
#1187=DIRECTION('',(0.0,-1.0,0.0));
#1188=DIRECTION('',(0.0,0.0,-1.0));
#1189=ORIENTED_EDGE('',*,*,#2543,.T.);
#1190=ORIENTED_EDGE('',*,*,#2504,.F.);
#1191=ORIENTED_EDGE('',*,*,#2544,.F.);
#1192=ORIENTED_EDGE('',*,*,#2457,.T.);
#1193=CARTESIAN_POINT('',(-6.4,-4.6,-5.15));
#1194=DIRECTION('',(0.0,0.0,1.0));
#1195=DIRECTION('',(1.0,0.0,0.0));
#1196=ORIENTED_EDGE('',*,*,#2544,.T.);
#1197=ORIENTED_EDGE('',*,*,#2503,.F.);
#1198=ORIENTED_EDGE('',*,*,#2545,.F.);
#1199=ORIENTED_EDGE('',*,*,#2458,.T.);
#1200=CARTESIAN_POINT('',(-6.4,-4.6,5.15));
#1201=DIRECTION('',(0.0,-1.0,0.0));
#1202=DIRECTION('',(0.0,0.0,-1.0));
#1203=ORIENTED_EDGE('',*,*,#2545,.T.);
#1204=ORIENTED_EDGE('',*,*,#2502,.F.);
#1205=ORIENTED_EDGE('',*,*,#2546,.F.);
#1206=ORIENTED_EDGE('',*,*,#2459,.T.);
#1207=CARTESIAN_POINT('',(-6.4,-5.0,5.15));
#1208=DIRECTION('',(0.0,0.0,-1.0));
#1209=DIRECTION('',(0.0,-1.0,0.0));
#1210=ORIENTED_EDGE('',*,*,#2546,.T.);
#1211=ORIENTED_EDGE('',*,*,#2501,.F.);
#1212=ORIENTED_EDGE('',*,*,#2486,.F.);
#1213=ORIENTED_EDGE('',*,*,#2460,.T.);
#1214=CARTESIAN_POINT('',(-6.4,-5.0,6.9));
#1215=DIRECTION('',(0.0,-1.0,0.0));
#1216=DIRECTION('',(0.0,0.0,-1.0));
#1217=ORIENTED_EDGE('',*,*,#2547,.T.);
#1218=ORIENTED_EDGE('',*,*,#2548,.F.);
#1219=ORIENTED_EDGE('',*,*,#2549,.F.);
#1220=ORIENTED_EDGE('',*,*,#2514,.T.);
#1221=CARTESIAN_POINT('',(6.4,4.1,-2.4));
#1222=DIRECTION('',(0.0,0.0,1.0));
#1223=DIRECTION('',(1.0,0.0,0.0));
#1224=ORIENTED_EDGE('',*,*,#2549,.T.);
#1225=ORIENTED_EDGE('',*,*,#2550,.F.);
#1226=ORIENTED_EDGE('',*,*,#2551,.F.);
#1227=ORIENTED_EDGE('',*,*,#2509,.T.);
#1228=CARTESIAN_POINT('',(6.4,4.1,-6.0));
#1229=DIRECTION('',(-0.0,1.0,0.0));
#1230=DIRECTION('',(1.0,0.0,0.0));
#1231=ORIENTED_EDGE('',*,*,#2551,.T.);
#1232=ORIENTED_EDGE('',*,*,#2552,.F.);
#1233=ORIENTED_EDGE('',*,*,#2553,.F.);
#1234=ORIENTED_EDGE('',*,*,#2510,.T.);
#1235=CARTESIAN_POINT('',(6.4,1.45,-6.0));
#1236=DIRECTION('',(0.0,0.0,-1.0));
#1237=DIRECTION('',(0.0,-1.0,0.0));
#1238=ORIENTED_EDGE('',*,*,#2553,.T.);
#1239=ORIENTED_EDGE('',*,*,#2554,.F.);
#1240=ORIENTED_EDGE('',*,*,#2555,.F.);
#1241=ORIENTED_EDGE('',*,*,#2511,.T.);
#1242=CARTESIAN_POINT('',(6.4,0.5,-5.05));
#1243=DIRECTION('',(0.0,-0.707106781186548,-0.707106781186548));
#1244=DIRECTION('',(0.0,-0.707106781186548,0.707106781186548));
#1245=ORIENTED_EDGE('',*,*,#2555,.T.);
#1246=ORIENTED_EDGE('',*,*,#2556,.F.);
#1247=ORIENTED_EDGE('',*,*,#2557,.F.);
#1248=ORIENTED_EDGE('',*,*,#2512,.T.);
#1249=CARTESIAN_POINT('',(6.4,0.5,-3.35));
#1250=DIRECTION('',(0.0,-1.0,0.0));
#1251=DIRECTION('',(0.0,0.0,-1.0));
#1252=ORIENTED_EDGE('',*,*,#2557,.T.);
#1253=ORIENTED_EDGE('',*,*,#2558,.F.);
#1254=ORIENTED_EDGE('',*,*,#2547,.F.);
#1255=ORIENTED_EDGE('',*,*,#2513,.T.);
#1256=CARTESIAN_POINT('',(6.4,1.45,-2.4));
#1257=DIRECTION('',(0.0,-0.707106781186548,0.707106781186548));
#1258=DIRECTION('',(-1.0,0.0,0.0));
#1259=ORIENTED_EDGE('',*,*,#2558,.T.);
#1260=ORIENTED_EDGE('',*,*,#2556,.T.);
#1261=ORIENTED_EDGE('',*,*,#2554,.T.);
#1262=ORIENTED_EDGE('',*,*,#2552,.T.);
#1263=ORIENTED_EDGE('',*,*,#2550,.T.);
#1264=ORIENTED_EDGE('',*,*,#2548,.T.);
#1265=ORIENTED_EDGE('',*,*,#2559,.T.);
#1266=ORIENTED_EDGE('',*,*,#2560,.T.);
#1267=ORIENTED_EDGE('',*,*,#2561,.F.);
#1268=ORIENTED_EDGE('',*,*,#2562,.F.);
#1269=CARTESIAN_POINT('',(-2.7,0.0,0.0));
#1270=DIRECTION('',(1.0,0.0,0.0));
#1271=DIRECTION('',(0.0,1.0,0.0));
#1272=ORIENTED_EDGE('',*,*,#2563,.T.);
#1273=ORIENTED_EDGE('',*,*,#2564,.T.);
#1274=ORIENTED_EDGE('',*,*,#2565,.T.);
#1275=ORIENTED_EDGE('',*,*,#2566,.T.);
#1276=ORIENTED_EDGE('',*,*,#2567,.T.);
#1277=ORIENTED_EDGE('',*,*,#2568,.T.);
#1278=ORIENTED_EDGE('',*,*,#2569,.F.);
#1279=ORIENTED_EDGE('',*,*,#2570,.F.);
#1280=CARTESIAN_POINT('',(-2.7,0.0,0.0));
#1281=DIRECTION('',(1.0,0.0,0.0));
#1282=DIRECTION('',(0.0,1.0,0.0));
#1283=ORIENTED_EDGE('',*,*,#2571,.T.);
#1284=ORIENTED_EDGE('',*,*,#2566,.F.);
#1285=ORIENTED_EDGE('',*,*,#2572,.F.);
#1286=ORIENTED_EDGE('',*,*,#2518,.T.);
#1287=CARTESIAN_POINT('',(6.4,-0.1,-2.4));
#1288=DIRECTION('',(0.0,0.0,1.0));
#1289=DIRECTION('',(1.0,0.0,0.0));
#1290=ORIENTED_EDGE('',*,*,#2572,.T.);
#1291=ORIENTED_EDGE('',*,*,#2565,.F.);
#1292=ORIENTED_EDGE('',*,*,#2573,.F.);
#1293=ORIENTED_EDGE('',*,*,#2515,.T.);
#1294=CARTESIAN_POINT('',(6.4,-0.1,-6.0));
#1295=DIRECTION('',(-0.0,1.0,0.0));
#1296=DIRECTION('',(1.0,0.0,0.0));
#1297=ORIENTED_EDGE('',*,*,#2573,.T.);
#1298=ORIENTED_EDGE('',*,*,#2564,.F.);
#1299=ORIENTED_EDGE('',*,*,#2574,.F.);
#1300=ORIENTED_EDGE('',*,*,#2516,.T.);
#1301=CARTESIAN_POINT('',(6.4,-3.7,-6.0));
#1302=DIRECTION('',(0.0,0.0,-1.0));
#1303=DIRECTION('',(0.0,-1.0,0.0));
#1304=ORIENTED_EDGE('',*,*,#2574,.T.);
#1305=ORIENTED_EDGE('',*,*,#2563,.F.);
#1306=ORIENTED_EDGE('',*,*,#2571,.F.);
#1307=ORIENTED_EDGE('',*,*,#2517,.T.);
#1308=CARTESIAN_POINT('',(6.4,-3.7,-2.4));
#1309=DIRECTION('',(0.0,-1.0,0.0));
#1310=DIRECTION('',(0.0,0.0,-1.0));
#1311=ORIENTED_EDGE('',*,*,#2575,.F.);
#1312=ORIENTED_EDGE('',*,*,#2562,.T.);
#1313=ORIENTED_EDGE('',*,*,#2576,.F.);
#1314=ORIENTED_EDGE('',*,*,#2577,.T.);
#1315=CARTESIAN_POINT('',(-6.4,0.0,-4.735));
#1316=DIRECTION('',(0.0,0.0,1.0));
#1317=DIRECTION('',(1.0,0.0,0.0));
#1318=ORIENTED_EDGE('',*,*,#2578,.F.);
#1319=ORIENTED_EDGE('',*,*,#2570,.T.);
#1320=ORIENTED_EDGE('',*,*,#2579,.F.);
#1321=ORIENTED_EDGE('',*,*,#2580,.T.);
#1322=CARTESIAN_POINT('',(-6.4,0.0,-4.735));
#1323=DIRECTION('',(0.0,0.0,1.0));
#1324=DIRECTION('',(1.0,0.0,0.0));
#1325=ORIENTED_EDGE('',*,*,#2581,.F.);
#1326=ORIENTED_EDGE('',*,*,#2582,.F.);
#1327=ORIENTED_EDGE('',*,*,#2465,.F.);
#1328=ORIENTED_EDGE('',*,*,#2583,.F.);
#1329=ORIENTED_EDGE('',*,*,#2584,.F.);
#1330=ORIENTED_EDGE('',*,*,#2585,.T.);
#1331=CARTESIAN_POINT('',(-6.4,0.0,-4.735));
#1332=DIRECTION('',(0.0,0.0,1.0));
#1333=DIRECTION('',(1.0,0.0,0.0));
#1334=ORIENTED_EDGE('',*,*,#2586,.F.);
#1335=ORIENTED_EDGE('',*,*,#2587,.F.);
#1336=ORIENTED_EDGE('',*,*,#2588,.F.);
#1337=ORIENTED_EDGE('',*,*,#2469,.F.);
#1338=ORIENTED_EDGE('',*,*,#2589,.F.);
#1339=ORIENTED_EDGE('',*,*,#2590,.F.);
#1340=ORIENTED_EDGE('',*,*,#2591,.F.);
#1341=ORIENTED_EDGE('',*,*,#2592,.T.);
#1342=CARTESIAN_POINT('',(-6.4,0.0,-4.735));
#1343=DIRECTION('',(0.0,0.0,1.0));
#1344=DIRECTION('',(1.0,0.0,0.0));
#1345=ORIENTED_EDGE('',*,*,#2593,.F.);
#1346=ORIENTED_EDGE('',*,*,#2594,.T.);
#1347=ORIENTED_EDGE('',*,*,#2595,.T.);
#1348=ORIENTED_EDGE('',*,*,#2577,.F.);
#1349=CARTESIAN_POINT('',(1.85,2.5,-4.61));
#1350=DIRECTION('',(0.164398987305406,0.0,-0.986393923832136));
#1351=DIRECTION('',(0.0,-1.0,0.0));
#1352=ORIENTED_EDGE('',*,*,#2595,.F.);
#1353=ORIENTED_EDGE('',*,*,#2596,.F.);
#1354=ORIENTED_EDGE('',*,*,#2597,.T.);
#1355=ORIENTED_EDGE('',*,*,#2598,.T.);
#1356=CARTESIAN_POINT('',(1.85,2.09,-4.2));
#1357=DIRECTION('',(0.164398987305406,-0.986393923832136,0.0));
#1358=DIRECTION('',(0.0,0.0,-1.0));
#1359=ORIENTED_EDGE('',*,*,#2468,.T.);
#1360=ORIENTED_EDGE('',*,*,#2599,.F.);
#1361=ORIENTED_EDGE('',*,*,#2600,.F.);
#1362=ORIENTED_EDGE('',*,*,#2589,.T.);
#1363=CARTESIAN_POINT('',(-11.785,1.965,-4.735));
#1364=DIRECTION('',(0.0,-1.0,0.0));
#1365=DIRECTION('',(0.0,0.0,-1.0));
#1366=ORIENTED_EDGE('',*,*,#2601,.F.);
#1367=ORIENTED_EDGE('',*,*,#2559,.F.);
#1368=ORIENTED_EDGE('',*,*,#2575,.T.);
#1369=ORIENTED_EDGE('',*,*,#2598,.F.);
#1370=CARTESIAN_POINT('',(-11.785,1.965,-4.735));
#1371=DIRECTION('',(0.0,-1.0,0.0));
#1372=DIRECTION('',(0.0,0.0,-1.0));
#1373=ORIENTED_EDGE('',*,*,#2600,.T.);
#1374=ORIENTED_EDGE('',*,*,#2602,.F.);
#1375=ORIENTED_EDGE('',*,*,#2603,.F.);
#1376=ORIENTED_EDGE('',*,*,#2590,.T.);
#1377=CARTESIAN_POINT('',(-11.785,1.285,-4.735));
#1378=DIRECTION('',(0.0,0.0,-1.0));
#1379=DIRECTION('',(1.0,0.0,0.0));
#1380=ORIENTED_EDGE('',*,*,#2591,.T.);
#1381=ORIENTED_EDGE('',*,*,#2603,.T.);
#1382=ORIENTED_EDGE('',*,*,#2604,.F.);
#1383=ORIENTED_EDGE('',*,*,#2605,.T.);
#1384=CARTESIAN_POINT('',(-12.465,-9.0,-4.735));
#1385=DIRECTION('',(1.0,0.0,0.0));
#1386=DIRECTION('',(0.0,1.0,0.0));
#1387=ORIENTED_EDGE('',*,*,#2606,.T.);
#1388=ORIENTED_EDGE('',*,*,#2607,.T.);
#1389=ORIENTED_EDGE('',*,*,#2608,.T.);
#1390=ORIENTED_EDGE('',*,*,#2605,.F.);
#1391=CARTESIAN_POINT('',(-12.59,-8.25,-4.2));
#1392=DIRECTION('',(0.986393923832136,-0.164398987305406,0.0));
#1393=DIRECTION('',(0.0,0.0,-1.0));
#1394=ORIENTED_EDGE('',*,*,#2608,.F.);
#1395=ORIENTED_EDGE('',*,*,#2609,.T.);
#1396=ORIENTED_EDGE('',*,*,#2610,.T.);
#1397=ORIENTED_EDGE('',*,*,#2592,.F.);
#1398=CARTESIAN_POINT('',(-13.0,-8.25,-4.61));
#1399=DIRECTION('',(0.0,-0.164398987305406,-0.986393923832136));
#1400=DIRECTION('',(0.0,-0.986393923832136,0.164398987305406));
#1401=ORIENTED_EDGE('',*,*,#2610,.F.);
#1402=ORIENTED_EDGE('',*,*,#2611,.F.);
#1403=ORIENTED_EDGE('',*,*,#2612,.T.);
#1404=ORIENTED_EDGE('',*,*,#2613,.T.);
#1405=CARTESIAN_POINT('',(-13.41,-8.25,-4.2));
#1406=DIRECTION('',(-0.986393923832136,-0.164398987305406,0.0));
#1407=DIRECTION('',(-0.164398987305406,0.986393923832136,0.0));
#1408=ORIENTED_EDGE('',*,*,#2614,.F.);
#1409=ORIENTED_EDGE('',*,*,#2615,.F.);
#1410=ORIENTED_EDGE('',*,*,#2586,.T.);
#1411=ORIENTED_EDGE('',*,*,#2613,.F.);
#1412=CARTESIAN_POINT('',(-13.535,1.285,-4.735));
#1413=DIRECTION('',(-1.0,0.0,0.0));
#1414=DIRECTION('',(0.0,0.0,1.0));
#1415=ORIENTED_EDGE('',*,*,#2615,.T.);
#1416=ORIENTED_EDGE('',*,*,#2616,.F.);
#1417=ORIENTED_EDGE('',*,*,#2617,.F.);
#1418=ORIENTED_EDGE('',*,*,#2587,.T.);
#1419=CARTESIAN_POINT('',(-11.785,1.285,-4.735));
#1420=DIRECTION('',(0.0,0.0,-1.0));
#1421=DIRECTION('',(1.0,0.0,0.0));
#1422=ORIENTED_EDGE('',*,*,#2617,.T.);
#1423=ORIENTED_EDGE('',*,*,#2618,.F.);
#1424=ORIENTED_EDGE('',*,*,#2466,.F.);
#1425=ORIENTED_EDGE('',*,*,#2588,.T.);
#1426=CARTESIAN_POINT('',(2.6,3.035,-4.735));
#1427=DIRECTION('',(-0.0,1.0,0.0));
#1428=DIRECTION('',(1.0,0.0,0.0));
#1429=ORIENTED_EDGE('',*,*,#2576,.T.);
#1430=ORIENTED_EDGE('',*,*,#2561,.T.);
#1431=ORIENTED_EDGE('',*,*,#2619,.F.);
#1432=ORIENTED_EDGE('',*,*,#2620,.T.);
#1433=CARTESIAN_POINT('',(2.6,3.035,-4.735));
#1434=DIRECTION('',(-0.0,1.0,0.0));
#1435=DIRECTION('',(1.0,0.0,0.0));
#1436=ORIENTED_EDGE('',*,*,#2619,.T.);
#1437=ORIENTED_EDGE('',*,*,#2560,.F.);
#1438=ORIENTED_EDGE('',*,*,#2601,.T.);
#1439=ORIENTED_EDGE('',*,*,#2621,.T.);
#1440=CARTESIAN_POINT('',(-6.4,0.0,-3.665));
#1441=DIRECTION('',(0.0,0.0,1.0));
#1442=DIRECTION('',(1.0,0.0,0.0));
#1443=ORIENTED_EDGE('',*,*,#2622,.T.);
#1444=ORIENTED_EDGE('',*,*,#2568,.F.);
#1445=ORIENTED_EDGE('',*,*,#2623,.T.);
#1446=ORIENTED_EDGE('',*,*,#2624,.T.);
#1447=CARTESIAN_POINT('',(-6.4,0.0,-3.665));
#1448=DIRECTION('',(0.0,0.0,1.0));
#1449=DIRECTION('',(1.0,0.0,0.0));
#1450=ORIENTED_EDGE('',*,*,#2625,.T.);
#1451=ORIENTED_EDGE('',*,*,#2626,.T.);
#1452=ORIENTED_EDGE('',*,*,#2463,.T.);
#1453=ORIENTED_EDGE('',*,*,#2627,.T.);
#1454=ORIENTED_EDGE('',*,*,#2628,.T.);
#1455=ORIENTED_EDGE('',*,*,#2629,.T.);
#1456=CARTESIAN_POINT('',(-6.4,0.0,-3.665));
#1457=DIRECTION('',(0.0,0.0,1.0));
#1458=DIRECTION('',(1.0,0.0,0.0));
#1459=ORIENTED_EDGE('',*,*,#2604,.T.);
#1460=ORIENTED_EDGE('',*,*,#2602,.T.);
#1461=ORIENTED_EDGE('',*,*,#2599,.T.);
#1462=ORIENTED_EDGE('',*,*,#2467,.T.);
#1463=ORIENTED_EDGE('',*,*,#2618,.T.);
#1464=ORIENTED_EDGE('',*,*,#2616,.T.);
#1465=ORIENTED_EDGE('',*,*,#2614,.T.);
#1466=ORIENTED_EDGE('',*,*,#2630,.T.);
#1467=CARTESIAN_POINT('',(-6.4,0.0,-3.665));
#1468=DIRECTION('',(0.0,0.0,1.0));
#1469=DIRECTION('',(1.0,0.0,0.0));
#1470=ORIENTED_EDGE('',*,*,#2631,.F.);
#1471=ORIENTED_EDGE('',*,*,#2621,.F.);
#1472=ORIENTED_EDGE('',*,*,#2597,.F.);
#1473=ORIENTED_EDGE('',*,*,#2632,.T.);
#1474=CARTESIAN_POINT('',(1.85,2.5,-3.79));
#1475=DIRECTION('',(0.164398987305406,0.0,0.986393923832136));
#1476=DIRECTION('',(0.0,-1.0,0.0));
#1477=ORIENTED_EDGE('',*,*,#2632,.F.);
#1478=ORIENTED_EDGE('',*,*,#2596,.T.);
#1479=ORIENTED_EDGE('',*,*,#2594,.F.);
#1480=ORIENTED_EDGE('',*,*,#2633,.F.);
#1481=CARTESIAN_POINT('',(2.6,1.965,-4.735));
#1482=DIRECTION('',(1.0,0.0,0.0));
#1483=DIRECTION('',(0.0,1.0,0.0));
#1484=ORIENTED_EDGE('',*,*,#2631,.T.);
#1485=ORIENTED_EDGE('',*,*,#2633,.T.);
#1486=ORIENTED_EDGE('',*,*,#2593,.T.);
#1487=ORIENTED_EDGE('',*,*,#2620,.F.);
#1488=CARTESIAN_POINT('',(1.85,2.91,-4.2));
#1489=DIRECTION('',(0.164398987305406,0.986393923832136,0.0));
#1490=DIRECTION('',(0.0,0.0,-1.0));
#1491=ORIENTED_EDGE('',*,*,#2634,.T.);
#1492=ORIENTED_EDGE('',*,*,#2624,.F.);
#1493=ORIENTED_EDGE('',*,*,#2635,.F.);
#1494=ORIENTED_EDGE('',*,*,#2636,.T.);
#1495=CARTESIAN_POINT('',(1.85,-1.7,-3.79));
#1496=DIRECTION('',(0.164398987305406,0.0,0.986393923832136));
#1497=DIRECTION('',(0.0,-1.0,0.0));
#1498=ORIENTED_EDGE('',*,*,#2636,.F.);
#1499=ORIENTED_EDGE('',*,*,#2637,.T.);
#1500=ORIENTED_EDGE('',*,*,#2638,.F.);
#1501=ORIENTED_EDGE('',*,*,#2639,.F.);
#1502=CARTESIAN_POINT('',(2.6,-2.235,-4.735));
#1503=DIRECTION('',(1.0,0.0,0.0));
#1504=DIRECTION('',(0.0,1.0,0.0));
#1505=ORIENTED_EDGE('',*,*,#2634,.F.);
#1506=ORIENTED_EDGE('',*,*,#2639,.T.);
#1507=ORIENTED_EDGE('',*,*,#2640,.T.);
#1508=ORIENTED_EDGE('',*,*,#2641,.F.);
#1509=CARTESIAN_POINT('',(1.85,-1.29,-4.2));
#1510=DIRECTION('',(0.164398987305406,0.986393923832136,0.0));
#1511=DIRECTION('',(0.0,0.0,-1.0));
#1512=ORIENTED_EDGE('',*,*,#2579,.T.);
#1513=ORIENTED_EDGE('',*,*,#2569,.T.);
#1514=ORIENTED_EDGE('',*,*,#2622,.F.);
#1515=ORIENTED_EDGE('',*,*,#2641,.T.);
#1516=CARTESIAN_POINT('',(2.6,-1.165,-4.735));
#1517=DIRECTION('',(-0.0,1.0,0.0));
#1518=DIRECTION('',(1.0,0.0,0.0));
#1519=ORIENTED_EDGE('',*,*,#2640,.F.);
#1520=ORIENTED_EDGE('',*,*,#2638,.T.);
#1521=ORIENTED_EDGE('',*,*,#2642,.T.);
#1522=ORIENTED_EDGE('',*,*,#2580,.F.);
#1523=CARTESIAN_POINT('',(1.85,-1.7,-4.61));
#1524=DIRECTION('',(0.164398987305406,0.0,-0.986393923832136));
#1525=DIRECTION('',(0.0,-1.0,0.0));
#1526=ORIENTED_EDGE('',*,*,#2642,.F.);
#1527=ORIENTED_EDGE('',*,*,#2637,.F.);
#1528=ORIENTED_EDGE('',*,*,#2635,.T.);
#1529=ORIENTED_EDGE('',*,*,#2643,.T.);
#1530=CARTESIAN_POINT('',(1.85,-2.11,-4.2));
#1531=DIRECTION('',(0.164398987305406,-0.986393923832136,0.0));
#1532=DIRECTION('',(0.0,0.0,-1.0));
#1533=ORIENTED_EDGE('',*,*,#2623,.F.);
#1534=ORIENTED_EDGE('',*,*,#2567,.F.);
#1535=ORIENTED_EDGE('',*,*,#2578,.T.);
#1536=ORIENTED_EDGE('',*,*,#2643,.F.);
#1537=CARTESIAN_POINT('',(-6.285,-2.235,-4.735));
#1538=DIRECTION('',(0.0,-1.0,0.0));
#1539=DIRECTION('',(0.0,0.0,-1.0));
#1540=ORIENTED_EDGE('',*,*,#2644,.F.);
#1541=ORIENTED_EDGE('',*,*,#2629,.F.);
#1542=ORIENTED_EDGE('',*,*,#2645,.F.);
#1543=ORIENTED_EDGE('',*,*,#2646,.T.);
#1544=CARTESIAN_POINT('',(-7.5,-8.25,-3.79));
#1545=DIRECTION('',(0.0,-0.164398987305406,0.986393923832136));
#1546=DIRECTION('',(-1.0,0.0,0.0));
#1547=ORIENTED_EDGE('',*,*,#2646,.F.);
#1548=ORIENTED_EDGE('',*,*,#2647,.T.);
#1549=ORIENTED_EDGE('',*,*,#2648,.F.);
#1550=ORIENTED_EDGE('',*,*,#2649,.F.);
#1551=CARTESIAN_POINT('',(-8.035,-9.0,-4.735));
#1552=DIRECTION('',(0.0,-1.0,0.0));
#1553=DIRECTION('',(0.0,0.0,-1.0));
#1554=ORIENTED_EDGE('',*,*,#2644,.T.);
#1555=ORIENTED_EDGE('',*,*,#2649,.T.);
#1556=ORIENTED_EDGE('',*,*,#2650,.T.);
#1557=ORIENTED_EDGE('',*,*,#2651,.F.);
#1558=CARTESIAN_POINT('',(-7.09,-8.25,-4.2));
#1559=DIRECTION('',(0.986393923832136,-0.164398987305406,0.0));
#1560=DIRECTION('',(0.0,0.0,-1.0));
#1561=ORIENTED_EDGE('',*,*,#2584,.T.);
#1562=ORIENTED_EDGE('',*,*,#2652,.T.);
#1563=ORIENTED_EDGE('',*,*,#2625,.F.);
#1564=ORIENTED_EDGE('',*,*,#2651,.T.);
#1565=CARTESIAN_POINT('',(-6.965,-9.0,-4.735));
#1566=DIRECTION('',(1.0,0.0,0.0));
#1567=DIRECTION('',(0.0,1.0,0.0));
#1568=ORIENTED_EDGE('',*,*,#2626,.F.);
#1569=ORIENTED_EDGE('',*,*,#2652,.F.);
#1570=ORIENTED_EDGE('',*,*,#2583,.T.);
#1571=ORIENTED_EDGE('',*,*,#2464,.T.);
#1572=CARTESIAN_POINT('',(-6.285,-2.915,-4.735));
#1573=DIRECTION('',(0.0,0.0,-1.0));
#1574=DIRECTION('',(1.0,0.0,0.0));
#1575=ORIENTED_EDGE('',*,*,#2650,.F.);
#1576=ORIENTED_EDGE('',*,*,#2648,.T.);
#1577=ORIENTED_EDGE('',*,*,#2653,.T.);
#1578=ORIENTED_EDGE('',*,*,#2585,.F.);
#1579=CARTESIAN_POINT('',(-7.5,-8.25,-4.61));
#1580=DIRECTION('',(0.0,-0.164398987305406,-0.986393923832136));
#1581=DIRECTION('',(0.0,-0.986393923832136,0.164398987305406));
#1582=ORIENTED_EDGE('',*,*,#2653,.F.);
#1583=ORIENTED_EDGE('',*,*,#2647,.F.);
#1584=ORIENTED_EDGE('',*,*,#2645,.T.);
#1585=ORIENTED_EDGE('',*,*,#2654,.T.);
#1586=CARTESIAN_POINT('',(-7.91,-8.25,-4.2));
#1587=DIRECTION('',(-0.986393923832136,-0.164398987305406,0.0));
#1588=DIRECTION('',(-0.164398987305406,0.986393923832136,0.0));
#1589=ORIENTED_EDGE('',*,*,#2628,.F.);
#1590=ORIENTED_EDGE('',*,*,#2655,.F.);
#1591=ORIENTED_EDGE('',*,*,#2581,.T.);
#1592=ORIENTED_EDGE('',*,*,#2654,.F.);
#1593=CARTESIAN_POINT('',(-8.035,-2.915,-4.735));
#1594=DIRECTION('',(-1.0,0.0,0.0));
#1595=DIRECTION('',(0.0,0.0,1.0));
#1596=ORIENTED_EDGE('',*,*,#2582,.T.);
#1597=ORIENTED_EDGE('',*,*,#2655,.T.);
#1598=ORIENTED_EDGE('',*,*,#2627,.F.);
#1599=ORIENTED_EDGE('',*,*,#2462,.F.);
#1600=CARTESIAN_POINT('',(-6.285,-2.915,-4.735));
#1601=DIRECTION('',(0.0,0.0,-1.0));
#1602=DIRECTION('',(1.0,0.0,0.0));
#1603=ORIENTED_EDGE('',*,*,#2606,.F.);
#1604=ORIENTED_EDGE('',*,*,#2630,.F.);
#1605=ORIENTED_EDGE('',*,*,#2612,.F.);
#1606=ORIENTED_EDGE('',*,*,#2656,.T.);
#1607=CARTESIAN_POINT('',(-13.0,-8.25,-3.79));
#1608=DIRECTION('',(0.0,-0.164398987305406,0.986393923832136));
#1609=DIRECTION('',(-1.0,0.0,0.0));
#1610=ORIENTED_EDGE('',*,*,#2656,.F.);
#1611=ORIENTED_EDGE('',*,*,#2611,.T.);
#1612=ORIENTED_EDGE('',*,*,#2609,.F.);
#1613=ORIENTED_EDGE('',*,*,#2607,.F.);
#1614=CARTESIAN_POINT('',(-13.535,-9.0,-4.735));
#1615=DIRECTION('',(0.0,-1.0,0.0));
#1616=DIRECTION('',(0.0,0.0,-1.0));
#1617=ORIENTED_EDGE('',*,*,#2657,.T.);
#1618=ORIENTED_EDGE('',*,*,#2658,.F.);
#1619=ORIENTED_EDGE('',*,*,#2659,.F.);
#1620=ORIENTED_EDGE('',*,*,#2522,.T.);
#1621=CARTESIAN_POINT('',(6.4,4.1,1.8));
#1622=DIRECTION('',(0.0,0.0,1.0));
#1623=DIRECTION('',(1.0,0.0,0.0));
#1624=ORIENTED_EDGE('',*,*,#2659,.T.);
#1625=ORIENTED_EDGE('',*,*,#2660,.F.);
#1626=ORIENTED_EDGE('',*,*,#2661,.F.);
#1627=ORIENTED_EDGE('',*,*,#2519,.T.);
#1628=CARTESIAN_POINT('',(6.4,4.1,-1.8));
#1629=DIRECTION('',(-0.0,1.0,0.0));
#1630=DIRECTION('',(1.0,0.0,0.0));
#1631=ORIENTED_EDGE('',*,*,#2661,.T.);
#1632=ORIENTED_EDGE('',*,*,#2662,.F.);
#1633=ORIENTED_EDGE('',*,*,#2663,.F.);
#1634=ORIENTED_EDGE('',*,*,#2520,.T.);
#1635=CARTESIAN_POINT('',(6.4,0.5,-1.8));
#1636=DIRECTION('',(0.0,0.0,-1.0));
#1637=DIRECTION('',(0.0,-1.0,0.0));
#1638=ORIENTED_EDGE('',*,*,#2663,.T.);
#1639=ORIENTED_EDGE('',*,*,#2664,.F.);
#1640=ORIENTED_EDGE('',*,*,#2657,.F.);
#1641=ORIENTED_EDGE('',*,*,#2521,.T.);
#1642=CARTESIAN_POINT('',(6.4,0.5,1.8));
#1643=DIRECTION('',(0.0,-1.0,0.0));
#1644=DIRECTION('',(0.0,0.0,-1.0));
#1645=ORIENTED_EDGE('',*,*,#2664,.T.);
#1646=ORIENTED_EDGE('',*,*,#2662,.T.);
#1647=ORIENTED_EDGE('',*,*,#2660,.T.);
#1648=ORIENTED_EDGE('',*,*,#2658,.T.);
#1649=ORIENTED_EDGE('',*,*,#2665,.T.);
#1650=ORIENTED_EDGE('',*,*,#2666,.T.);
#1651=ORIENTED_EDGE('',*,*,#2667,.F.);
#1652=ORIENTED_EDGE('',*,*,#2668,.F.);
#1653=CARTESIAN_POINT('',(-2.7,0.0,0.0));
#1654=DIRECTION('',(1.0,0.0,0.0));
#1655=DIRECTION('',(0.0,1.0,0.0));
#1656=ORIENTED_EDGE('',*,*,#2669,.T.);
#1657=ORIENTED_EDGE('',*,*,#2670,.T.);
#1658=ORIENTED_EDGE('',*,*,#2671,.T.);
#1659=ORIENTED_EDGE('',*,*,#2672,.T.);
#1660=ORIENTED_EDGE('',*,*,#2673,.T.);
#1661=ORIENTED_EDGE('',*,*,#2674,.T.);
#1662=ORIENTED_EDGE('',*,*,#2675,.T.);
#1663=ORIENTED_EDGE('',*,*,#2676,.T.);
#1664=ORIENTED_EDGE('',*,*,#2677,.F.);
#1665=ORIENTED_EDGE('',*,*,#2678,.F.);
#1666=CARTESIAN_POINT('',(-2.7,0.0,0.0));
#1667=DIRECTION('',(1.0,0.0,0.0));
#1668=DIRECTION('',(0.0,1.0,0.0));
#1669=ORIENTED_EDGE('',*,*,#2679,.T.);
#1670=ORIENTED_EDGE('',*,*,#2674,.F.);
#1671=ORIENTED_EDGE('',*,*,#2680,.F.);
#1672=ORIENTED_EDGE('',*,*,#2528,.T.);
#1673=CARTESIAN_POINT('',(6.4,-0.1,1.8));
#1674=DIRECTION('',(0.0,0.0,1.0));
#1675=DIRECTION('',(1.0,0.0,0.0));
#1676=ORIENTED_EDGE('',*,*,#2680,.T.);
#1677=ORIENTED_EDGE('',*,*,#2673,.F.);
#1678=ORIENTED_EDGE('',*,*,#2681,.F.);
#1679=ORIENTED_EDGE('',*,*,#2523,.T.);
#1680=CARTESIAN_POINT('',(6.4,-0.1,-1.8));
#1681=DIRECTION('',(-0.0,1.0,0.0));
#1682=DIRECTION('',(1.0,0.0,0.0));
#1683=ORIENTED_EDGE('',*,*,#2681,.T.);
#1684=ORIENTED_EDGE('',*,*,#2672,.F.);
#1685=ORIENTED_EDGE('',*,*,#2682,.F.);
#1686=ORIENTED_EDGE('',*,*,#2524,.T.);
#1687=CARTESIAN_POINT('',(6.4,-2.75,-1.8));
#1688=DIRECTION('',(0.0,0.0,-1.0));
#1689=DIRECTION('',(0.0,-1.0,0.0));
#1690=ORIENTED_EDGE('',*,*,#2682,.T.);
#1691=ORIENTED_EDGE('',*,*,#2671,.F.);
#1692=ORIENTED_EDGE('',*,*,#2683,.F.);
#1693=ORIENTED_EDGE('',*,*,#2525,.T.);
#1694=CARTESIAN_POINT('',(6.4,-3.7,-0.85));
#1695=DIRECTION('',(0.0,-0.707106781186548,-0.707106781186548));
#1696=DIRECTION('',(0.0,-0.707106781186548,0.707106781186548));
#1697=ORIENTED_EDGE('',*,*,#2683,.T.);
#1698=ORIENTED_EDGE('',*,*,#2670,.F.);
#1699=ORIENTED_EDGE('',*,*,#2684,.F.);
#1700=ORIENTED_EDGE('',*,*,#2526,.T.);
#1701=CARTESIAN_POINT('',(6.4,-3.7,0.85));
#1702=DIRECTION('',(0.0,-1.0,0.0));
#1703=DIRECTION('',(0.0,0.0,-1.0));
#1704=ORIENTED_EDGE('',*,*,#2684,.T.);
#1705=ORIENTED_EDGE('',*,*,#2669,.F.);
#1706=ORIENTED_EDGE('',*,*,#2679,.F.);
#1707=ORIENTED_EDGE('',*,*,#2527,.T.);
#1708=CARTESIAN_POINT('',(6.4,-2.75,1.8));
#1709=DIRECTION('',(0.0,-0.707106781186548,0.707106781186548));
#1710=DIRECTION('',(-1.0,0.0,0.0));
#1711=ORIENTED_EDGE('',*,*,#2685,.F.);
#1712=ORIENTED_EDGE('',*,*,#2668,.T.);
#1713=ORIENTED_EDGE('',*,*,#2686,.F.);
#1714=ORIENTED_EDGE('',*,*,#2687,.T.);
#1715=CARTESIAN_POINT('',(-6.4,0.0,-0.535));
#1716=DIRECTION('',(0.0,0.0,1.0));
#1717=DIRECTION('',(1.0,0.0,0.0));
#1718=ORIENTED_EDGE('',*,*,#2688,.F.);
#1719=ORIENTED_EDGE('',*,*,#2678,.T.);
#1720=ORIENTED_EDGE('',*,*,#2689,.F.);
#1721=ORIENTED_EDGE('',*,*,#2690,.T.);
#1722=CARTESIAN_POINT('',(-6.4,0.0,-0.535));
#1723=DIRECTION('',(0.0,0.0,1.0));
#1724=DIRECTION('',(1.0,0.0,0.0));
#1725=ORIENTED_EDGE('',*,*,#2691,.F.);
#1726=ORIENTED_EDGE('',*,*,#2692,.F.);
#1727=ORIENTED_EDGE('',*,*,#2473,.F.);
#1728=ORIENTED_EDGE('',*,*,#2693,.F.);
#1729=ORIENTED_EDGE('',*,*,#2694,.F.);
#1730=ORIENTED_EDGE('',*,*,#2695,.T.);
#1731=CARTESIAN_POINT('',(-6.4,0.0,-0.535));
#1732=DIRECTION('',(0.0,0.0,1.0));
#1733=DIRECTION('',(1.0,0.0,0.0));
#1734=ORIENTED_EDGE('',*,*,#2696,.F.);
#1735=ORIENTED_EDGE('',*,*,#2697,.F.);
#1736=ORIENTED_EDGE('',*,*,#2698,.F.);
#1737=ORIENTED_EDGE('',*,*,#2477,.F.);
#1738=ORIENTED_EDGE('',*,*,#2699,.F.);
#1739=ORIENTED_EDGE('',*,*,#2700,.F.);
#1740=ORIENTED_EDGE('',*,*,#2701,.F.);
#1741=ORIENTED_EDGE('',*,*,#2702,.T.);
#1742=CARTESIAN_POINT('',(-6.4,0.0,-0.535));
#1743=DIRECTION('',(0.0,0.0,1.0));
#1744=DIRECTION('',(1.0,0.0,0.0));
#1745=ORIENTED_EDGE('',*,*,#2703,.F.);
#1746=ORIENTED_EDGE('',*,*,#2704,.T.);
#1747=ORIENTED_EDGE('',*,*,#2705,.T.);
#1748=ORIENTED_EDGE('',*,*,#2687,.F.);
#1749=CARTESIAN_POINT('',(1.85,2.5,-0.41));
#1750=DIRECTION('',(0.164398987305406,0.0,-0.986393923832136));
#1751=DIRECTION('',(0.0,-1.0,0.0));
#1752=ORIENTED_EDGE('',*,*,#2705,.F.);
#1753=ORIENTED_EDGE('',*,*,#2706,.F.);
#1754=ORIENTED_EDGE('',*,*,#2707,.T.);
#1755=ORIENTED_EDGE('',*,*,#2708,.T.);
#1756=CARTESIAN_POINT('',(1.85,2.09,0.0));
#1757=DIRECTION('',(0.164398987305406,-0.986393923832136,0.0));
#1758=DIRECTION('',(0.0,0.0,-1.0));
#1759=ORIENTED_EDGE('',*,*,#2709,.F.);
#1760=ORIENTED_EDGE('',*,*,#2710,.F.);
#1761=ORIENTED_EDGE('',*,*,#2699,.T.);
#1762=ORIENTED_EDGE('',*,*,#2476,.T.);
#1763=CARTESIAN_POINT('',(-11.785,1.965,-0.535));
#1764=DIRECTION('',(0.0,-1.0,0.0));
#1765=DIRECTION('',(0.0,0.0,-1.0));
#1766=ORIENTED_EDGE('',*,*,#2711,.F.);
#1767=ORIENTED_EDGE('',*,*,#2665,.F.);
#1768=ORIENTED_EDGE('',*,*,#2685,.T.);
#1769=ORIENTED_EDGE('',*,*,#2708,.F.);
#1770=CARTESIAN_POINT('',(-11.785,1.965,-0.535));
#1771=DIRECTION('',(0.0,-1.0,0.0));
#1772=DIRECTION('',(0.0,0.0,-1.0));
#1773=ORIENTED_EDGE('',*,*,#2710,.T.);
#1774=ORIENTED_EDGE('',*,*,#2712,.F.);
#1775=ORIENTED_EDGE('',*,*,#2713,.F.);
#1776=ORIENTED_EDGE('',*,*,#2700,.T.);
#1777=CARTESIAN_POINT('',(-11.785,1.285,-0.535));
#1778=DIRECTION('',(0.0,0.0,-1.0));
#1779=DIRECTION('',(1.0,0.0,0.0));
#1780=ORIENTED_EDGE('',*,*,#2701,.T.);
#1781=ORIENTED_EDGE('',*,*,#2713,.T.);
#1782=ORIENTED_EDGE('',*,*,#2714,.F.);
#1783=ORIENTED_EDGE('',*,*,#2715,.T.);
#1784=CARTESIAN_POINT('',(-12.465,-9.0,-0.535));
#1785=DIRECTION('',(1.0,0.0,0.0));
#1786=DIRECTION('',(0.0,1.0,0.0));
#1787=ORIENTED_EDGE('',*,*,#2716,.T.);
#1788=ORIENTED_EDGE('',*,*,#2717,.T.);
#1789=ORIENTED_EDGE('',*,*,#2718,.T.);
#1790=ORIENTED_EDGE('',*,*,#2715,.F.);
#1791=CARTESIAN_POINT('',(-12.59,-8.25,0.0));
#1792=DIRECTION('',(0.986393923832136,-0.164398987305406,0.0));
#1793=DIRECTION('',(0.0,0.0,-1.0));
#1794=ORIENTED_EDGE('',*,*,#2718,.F.);
#1795=ORIENTED_EDGE('',*,*,#2719,.T.);
#1796=ORIENTED_EDGE('',*,*,#2720,.T.);
#1797=ORIENTED_EDGE('',*,*,#2702,.F.);
#1798=CARTESIAN_POINT('',(-13.0,-8.25,-0.41));
#1799=DIRECTION('',(0.0,-0.164398987305406,-0.986393923832136));
#1800=DIRECTION('',(0.0,-0.986393923832136,0.164398987305406));
#1801=ORIENTED_EDGE('',*,*,#2720,.F.);
#1802=ORIENTED_EDGE('',*,*,#2721,.F.);
#1803=ORIENTED_EDGE('',*,*,#2722,.T.);
#1804=ORIENTED_EDGE('',*,*,#2723,.T.);
#1805=CARTESIAN_POINT('',(-13.41,-8.25,1.06581410364E-14));
#1806=DIRECTION('',(-0.986393923832136,-0.164398987305406,0.0));
#1807=DIRECTION('',(-0.164398987305406,0.986393923832136,0.0));
#1808=ORIENTED_EDGE('',*,*,#2724,.F.);
#1809=ORIENTED_EDGE('',*,*,#2725,.F.);
#1810=ORIENTED_EDGE('',*,*,#2696,.T.);
#1811=ORIENTED_EDGE('',*,*,#2723,.F.);
#1812=CARTESIAN_POINT('',(-13.535,1.285,-0.535));
#1813=DIRECTION('',(-1.0,0.0,0.0));
#1814=DIRECTION('',(0.0,0.0,1.0));
#1815=ORIENTED_EDGE('',*,*,#2725,.T.);
#1816=ORIENTED_EDGE('',*,*,#2726,.F.);
#1817=ORIENTED_EDGE('',*,*,#2727,.F.);
#1818=ORIENTED_EDGE('',*,*,#2697,.T.);
#1819=CARTESIAN_POINT('',(-11.785,1.285,-0.535));
#1820=DIRECTION('',(0.0,0.0,-1.0));
#1821=DIRECTION('',(1.0,0.0,0.0));
#1822=ORIENTED_EDGE('',*,*,#2698,.T.);
#1823=ORIENTED_EDGE('',*,*,#2727,.T.);
#1824=ORIENTED_EDGE('',*,*,#2728,.F.);
#1825=ORIENTED_EDGE('',*,*,#2474,.F.);
#1826=CARTESIAN_POINT('',(2.6,3.035,-0.535));
#1827=DIRECTION('',(-0.0,1.0,0.0));
#1828=DIRECTION('',(1.0,0.0,0.0));
#1829=ORIENTED_EDGE('',*,*,#2686,.T.);
#1830=ORIENTED_EDGE('',*,*,#2667,.T.);
#1831=ORIENTED_EDGE('',*,*,#2729,.F.);
#1832=ORIENTED_EDGE('',*,*,#2730,.T.);
#1833=CARTESIAN_POINT('',(2.6,3.035,-0.535));
#1834=DIRECTION('',(-0.0,1.0,0.0));
#1835=DIRECTION('',(1.0,0.0,0.0));
#1836=ORIENTED_EDGE('',*,*,#2729,.T.);
#1837=ORIENTED_EDGE('',*,*,#2666,.F.);
#1838=ORIENTED_EDGE('',*,*,#2711,.T.);
#1839=ORIENTED_EDGE('',*,*,#2731,.T.);
#1840=CARTESIAN_POINT('',(-6.4,0.0,0.535));
#1841=DIRECTION('',(0.0,0.0,1.0));
#1842=DIRECTION('',(1.0,0.0,0.0));
#1843=ORIENTED_EDGE('',*,*,#2732,.T.);
#1844=ORIENTED_EDGE('',*,*,#2676,.F.);
#1845=ORIENTED_EDGE('',*,*,#2733,.T.);
#1846=ORIENTED_EDGE('',*,*,#2734,.T.);
#1847=CARTESIAN_POINT('',(-6.4,0.0,0.535));
#1848=DIRECTION('',(0.0,0.0,1.0));
#1849=DIRECTION('',(1.0,0.0,0.0));
#1850=ORIENTED_EDGE('',*,*,#2735,.T.);
#1851=ORIENTED_EDGE('',*,*,#2736,.T.);
#1852=ORIENTED_EDGE('',*,*,#2471,.T.);
#1853=ORIENTED_EDGE('',*,*,#2737,.T.);
#1854=ORIENTED_EDGE('',*,*,#2738,.T.);
#1855=ORIENTED_EDGE('',*,*,#2739,.T.);
#1856=CARTESIAN_POINT('',(-6.4,0.0,0.535));
#1857=DIRECTION('',(0.0,0.0,1.0));
#1858=DIRECTION('',(1.0,0.0,0.0));
#1859=ORIENTED_EDGE('',*,*,#2714,.T.);
#1860=ORIENTED_EDGE('',*,*,#2712,.T.);
#1861=ORIENTED_EDGE('',*,*,#2709,.T.);
#1862=ORIENTED_EDGE('',*,*,#2475,.T.);
#1863=ORIENTED_EDGE('',*,*,#2728,.T.);
#1864=ORIENTED_EDGE('',*,*,#2726,.T.);
#1865=ORIENTED_EDGE('',*,*,#2724,.T.);
#1866=ORIENTED_EDGE('',*,*,#2740,.T.);
#1867=CARTESIAN_POINT('',(-6.4,0.0,0.535));
#1868=DIRECTION('',(0.0,0.0,1.0));
#1869=DIRECTION('',(1.0,0.0,0.0));
#1870=ORIENTED_EDGE('',*,*,#2741,.F.);
#1871=ORIENTED_EDGE('',*,*,#2731,.F.);
#1872=ORIENTED_EDGE('',*,*,#2707,.F.);
#1873=ORIENTED_EDGE('',*,*,#2742,.T.);
#1874=CARTESIAN_POINT('',(1.85,2.5,0.41));
#1875=DIRECTION('',(0.164398987305406,0.0,0.986393923832136));
#1876=DIRECTION('',(0.0,-1.0,0.0));
#1877=ORIENTED_EDGE('',*,*,#2742,.F.);
#1878=ORIENTED_EDGE('',*,*,#2706,.T.);
#1879=ORIENTED_EDGE('',*,*,#2704,.F.);
#1880=ORIENTED_EDGE('',*,*,#2743,.F.);
#1881=CARTESIAN_POINT('',(2.6,1.965,-0.535));
#1882=DIRECTION('',(1.0,0.0,0.0));
#1883=DIRECTION('',(0.0,1.0,0.0));
#1884=ORIENTED_EDGE('',*,*,#2741,.T.);
#1885=ORIENTED_EDGE('',*,*,#2743,.T.);
#1886=ORIENTED_EDGE('',*,*,#2703,.T.);
#1887=ORIENTED_EDGE('',*,*,#2730,.F.);
#1888=CARTESIAN_POINT('',(1.85,2.91,0.0));
#1889=DIRECTION('',(0.164398987305406,0.986393923832136,0.0));
#1890=DIRECTION('',(0.0,0.0,-1.0));
#1891=ORIENTED_EDGE('',*,*,#2744,.T.);
#1892=ORIENTED_EDGE('',*,*,#2734,.F.);
#1893=ORIENTED_EDGE('',*,*,#2745,.F.);
#1894=ORIENTED_EDGE('',*,*,#2746,.T.);
#1895=CARTESIAN_POINT('',(1.85,-1.7,0.41));
#1896=DIRECTION('',(0.164398987305406,0.0,0.986393923832136));
#1897=DIRECTION('',(0.0,-1.0,0.0));
#1898=ORIENTED_EDGE('',*,*,#2746,.F.);
#1899=ORIENTED_EDGE('',*,*,#2747,.T.);
#1900=ORIENTED_EDGE('',*,*,#2748,.F.);
#1901=ORIENTED_EDGE('',*,*,#2749,.F.);
#1902=CARTESIAN_POINT('',(2.6,-2.235,-0.535));
#1903=DIRECTION('',(1.0,0.0,0.0));
#1904=DIRECTION('',(0.0,1.0,0.0));
#1905=ORIENTED_EDGE('',*,*,#2744,.F.);
#1906=ORIENTED_EDGE('',*,*,#2749,.T.);
#1907=ORIENTED_EDGE('',*,*,#2750,.T.);
#1908=ORIENTED_EDGE('',*,*,#2751,.F.);
#1909=CARTESIAN_POINT('',(1.85,-1.29,0.0));
#1910=DIRECTION('',(0.164398987305406,0.986393923832136,0.0));
#1911=DIRECTION('',(0.0,0.0,-1.0));
#1912=ORIENTED_EDGE('',*,*,#2689,.T.);
#1913=ORIENTED_EDGE('',*,*,#2677,.T.);
#1914=ORIENTED_EDGE('',*,*,#2732,.F.);
#1915=ORIENTED_EDGE('',*,*,#2751,.T.);
#1916=CARTESIAN_POINT('',(2.6,-1.165,-0.535));
#1917=DIRECTION('',(-0.0,1.0,0.0));
#1918=DIRECTION('',(1.0,0.0,0.0));
#1919=ORIENTED_EDGE('',*,*,#2750,.F.);
#1920=ORIENTED_EDGE('',*,*,#2748,.T.);
#1921=ORIENTED_EDGE('',*,*,#2752,.T.);
#1922=ORIENTED_EDGE('',*,*,#2690,.F.);
#1923=CARTESIAN_POINT('',(1.85,-1.7,-0.41));
#1924=DIRECTION('',(0.164398987305406,0.0,-0.986393923832136));
#1925=DIRECTION('',(0.0,-1.0,0.0));
#1926=ORIENTED_EDGE('',*,*,#2752,.F.);
#1927=ORIENTED_EDGE('',*,*,#2747,.F.);
#1928=ORIENTED_EDGE('',*,*,#2745,.T.);
#1929=ORIENTED_EDGE('',*,*,#2753,.T.);
#1930=CARTESIAN_POINT('',(1.85,-2.11,0.0));
#1931=DIRECTION('',(0.164398987305406,-0.986393923832136,0.0));
#1932=DIRECTION('',(0.0,0.0,-1.0));
#1933=ORIENTED_EDGE('',*,*,#2733,.F.);
#1934=ORIENTED_EDGE('',*,*,#2675,.F.);
#1935=ORIENTED_EDGE('',*,*,#2688,.T.);
#1936=ORIENTED_EDGE('',*,*,#2753,.F.);
#1937=CARTESIAN_POINT('',(-6.285,-2.235,-0.535));
#1938=DIRECTION('',(0.0,-1.0,0.0));
#1939=DIRECTION('',(0.0,0.0,-1.0));
#1940=ORIENTED_EDGE('',*,*,#2754,.F.);
#1941=ORIENTED_EDGE('',*,*,#2739,.F.);
#1942=ORIENTED_EDGE('',*,*,#2755,.F.);
#1943=ORIENTED_EDGE('',*,*,#2756,.T.);
#1944=CARTESIAN_POINT('',(-7.5,-8.25,0.41));
#1945=DIRECTION('',(0.0,-0.164398987305406,0.986393923832136));
#1946=DIRECTION('',(-1.0,0.0,0.0));
#1947=ORIENTED_EDGE('',*,*,#2756,.F.);
#1948=ORIENTED_EDGE('',*,*,#2757,.T.);
#1949=ORIENTED_EDGE('',*,*,#2758,.F.);
#1950=ORIENTED_EDGE('',*,*,#2759,.F.);
#1951=CARTESIAN_POINT('',(-8.035,-9.0,-0.535));
#1952=DIRECTION('',(0.0,-1.0,0.0));
#1953=DIRECTION('',(0.0,0.0,-1.0));
#1954=ORIENTED_EDGE('',*,*,#2754,.T.);
#1955=ORIENTED_EDGE('',*,*,#2759,.T.);
#1956=ORIENTED_EDGE('',*,*,#2760,.T.);
#1957=ORIENTED_EDGE('',*,*,#2761,.F.);
#1958=CARTESIAN_POINT('',(-7.09,-8.25,1.06581410364E-14));
#1959=DIRECTION('',(0.986393923832136,-0.164398987305406,0.0));
#1960=DIRECTION('',(0.0,0.0,-1.0));
#1961=ORIENTED_EDGE('',*,*,#2694,.T.);
#1962=ORIENTED_EDGE('',*,*,#2762,.T.);
#1963=ORIENTED_EDGE('',*,*,#2735,.F.);
#1964=ORIENTED_EDGE('',*,*,#2761,.T.);
#1965=CARTESIAN_POINT('',(-6.965,-9.0,-0.535));
#1966=DIRECTION('',(1.0,0.0,0.0));
#1967=DIRECTION('',(0.0,1.0,0.0));
#1968=ORIENTED_EDGE('',*,*,#2736,.F.);
#1969=ORIENTED_EDGE('',*,*,#2762,.F.);
#1970=ORIENTED_EDGE('',*,*,#2693,.T.);
#1971=ORIENTED_EDGE('',*,*,#2472,.T.);
#1972=CARTESIAN_POINT('',(-6.285,-2.915,-0.535));
#1973=DIRECTION('',(0.0,0.0,-1.0));
#1974=DIRECTION('',(1.0,0.0,0.0));
#1975=ORIENTED_EDGE('',*,*,#2760,.F.);
#1976=ORIENTED_EDGE('',*,*,#2758,.T.);
#1977=ORIENTED_EDGE('',*,*,#2763,.T.);
#1978=ORIENTED_EDGE('',*,*,#2695,.F.);
#1979=CARTESIAN_POINT('',(-7.5,-8.25,-0.41));
#1980=DIRECTION('',(0.0,-0.164398987305406,-0.986393923832136));
#1981=DIRECTION('',(0.0,-0.986393923832136,0.164398987305406));
#1982=ORIENTED_EDGE('',*,*,#2763,.F.);
#1983=ORIENTED_EDGE('',*,*,#2757,.F.);
#1984=ORIENTED_EDGE('',*,*,#2755,.T.);
#1985=ORIENTED_EDGE('',*,*,#2764,.T.);
#1986=CARTESIAN_POINT('',(-7.91,-8.25,0.0));
#1987=DIRECTION('',(-0.986393923832136,-0.164398987305406,0.0));
#1988=DIRECTION('',(-0.164398987305406,0.986393923832136,0.0));
#1989=ORIENTED_EDGE('',*,*,#2738,.F.);
#1990=ORIENTED_EDGE('',*,*,#2765,.F.);
#1991=ORIENTED_EDGE('',*,*,#2691,.T.);
#1992=ORIENTED_EDGE('',*,*,#2764,.F.);
#1993=CARTESIAN_POINT('',(-8.035,-2.915,-0.535));
#1994=DIRECTION('',(-1.0,0.0,0.0));
#1995=DIRECTION('',(0.0,0.0,1.0));
#1996=ORIENTED_EDGE('',*,*,#2692,.T.);
#1997=ORIENTED_EDGE('',*,*,#2765,.T.);
#1998=ORIENTED_EDGE('',*,*,#2737,.F.);
#1999=ORIENTED_EDGE('',*,*,#2470,.F.);
#2000=CARTESIAN_POINT('',(-6.285,-2.915,-0.535));
#2001=DIRECTION('',(0.0,0.0,-1.0));
#2002=DIRECTION('',(1.0,0.0,0.0));
#2003=ORIENTED_EDGE('',*,*,#2716,.F.);
#2004=ORIENTED_EDGE('',*,*,#2740,.F.);
#2005=ORIENTED_EDGE('',*,*,#2722,.F.);
#2006=ORIENTED_EDGE('',*,*,#2766,.T.);
#2007=CARTESIAN_POINT('',(-13.0,-8.25,0.41));
#2008=DIRECTION('',(0.0,-0.164398987305406,0.986393923832136));
#2009=DIRECTION('',(-1.0,0.0,0.0));
#2010=ORIENTED_EDGE('',*,*,#2766,.F.);
#2011=ORIENTED_EDGE('',*,*,#2721,.T.);
#2012=ORIENTED_EDGE('',*,*,#2719,.F.);
#2013=ORIENTED_EDGE('',*,*,#2717,.F.);
#2014=CARTESIAN_POINT('',(-13.535,-9.0,-0.535));
#2015=DIRECTION('',(0.0,-1.0,0.0));
#2016=DIRECTION('',(0.0,0.0,-1.0));
#2017=ORIENTED_EDGE('',*,*,#2767,.T.);
#2018=ORIENTED_EDGE('',*,*,#2768,.F.);
#2019=ORIENTED_EDGE('',*,*,#2769,.F.);
#2020=ORIENTED_EDGE('',*,*,#2532,.T.);
#2021=CARTESIAN_POINT('',(6.4,4.1,6.0));
#2022=DIRECTION('',(0.0,0.0,1.0));
#2023=DIRECTION('',(1.0,0.0,0.0));
#2024=ORIENTED_EDGE('',*,*,#2769,.T.);
#2025=ORIENTED_EDGE('',*,*,#2770,.F.);
#2026=ORIENTED_EDGE('',*,*,#2771,.F.);
#2027=ORIENTED_EDGE('',*,*,#2529,.T.);
#2028=CARTESIAN_POINT('',(6.4,4.1,2.4));
#2029=DIRECTION('',(-0.0,1.0,0.0));
#2030=DIRECTION('',(1.0,0.0,0.0));
#2031=ORIENTED_EDGE('',*,*,#2771,.T.);
#2032=ORIENTED_EDGE('',*,*,#2772,.F.);
#2033=ORIENTED_EDGE('',*,*,#2773,.F.);
#2034=ORIENTED_EDGE('',*,*,#2530,.T.);
#2035=CARTESIAN_POINT('',(6.4,0.5,2.4));
#2036=DIRECTION('',(0.0,0.0,-1.0));
#2037=DIRECTION('',(0.0,-1.0,0.0));
#2038=ORIENTED_EDGE('',*,*,#2773,.T.);
#2039=ORIENTED_EDGE('',*,*,#2774,.F.);
#2040=ORIENTED_EDGE('',*,*,#2767,.F.);
#2041=ORIENTED_EDGE('',*,*,#2531,.T.);
#2042=CARTESIAN_POINT('',(6.4,0.5,6.0));
#2043=DIRECTION('',(0.0,-1.0,0.0));
#2044=DIRECTION('',(0.0,0.0,-1.0));
#2045=ORIENTED_EDGE('',*,*,#2774,.T.);
#2046=ORIENTED_EDGE('',*,*,#2772,.T.);
#2047=ORIENTED_EDGE('',*,*,#2770,.T.);
#2048=ORIENTED_EDGE('',*,*,#2768,.T.);
#2049=ORIENTED_EDGE('',*,*,#2775,.T.);
#2050=ORIENTED_EDGE('',*,*,#2776,.T.);
#2051=ORIENTED_EDGE('',*,*,#2777,.F.);
#2052=ORIENTED_EDGE('',*,*,#2778,.F.);
#2053=CARTESIAN_POINT('',(-2.7,0.0,0.0));
#2054=DIRECTION('',(1.0,0.0,0.0));
#2055=DIRECTION('',(0.0,1.0,0.0));
#2056=ORIENTED_EDGE('',*,*,#2779,.T.);
#2057=ORIENTED_EDGE('',*,*,#2780,.T.);
#2058=ORIENTED_EDGE('',*,*,#2781,.T.);
#2059=ORIENTED_EDGE('',*,*,#2782,.T.);
#2060=ORIENTED_EDGE('',*,*,#2783,.T.);
#2061=ORIENTED_EDGE('',*,*,#2784,.T.);
#2062=ORIENTED_EDGE('',*,*,#2785,.T.);
#2063=ORIENTED_EDGE('',*,*,#2786,.T.);
#2064=ORIENTED_EDGE('',*,*,#2787,.F.);
#2065=ORIENTED_EDGE('',*,*,#2788,.F.);
#2066=CARTESIAN_POINT('',(-2.7,0.0,0.0));
#2067=DIRECTION('',(1.0,0.0,0.0));
#2068=DIRECTION('',(0.0,1.0,0.0));
#2069=ORIENTED_EDGE('',*,*,#2789,.T.);
#2070=ORIENTED_EDGE('',*,*,#2784,.F.);
#2071=ORIENTED_EDGE('',*,*,#2790,.F.);
#2072=ORIENTED_EDGE('',*,*,#2538,.T.);
#2073=CARTESIAN_POINT('',(6.4,-0.1,6.0));
#2074=DIRECTION('',(0.0,0.0,1.0));
#2075=DIRECTION('',(1.0,0.0,0.0));
#2076=ORIENTED_EDGE('',*,*,#2790,.T.);
#2077=ORIENTED_EDGE('',*,*,#2783,.F.);
#2078=ORIENTED_EDGE('',*,*,#2791,.F.);
#2079=ORIENTED_EDGE('',*,*,#2533,.T.);
#2080=CARTESIAN_POINT('',(6.4,-0.1,2.4));
#2081=DIRECTION('',(-0.0,1.0,0.0));
#2082=DIRECTION('',(1.0,0.0,0.0));
#2083=ORIENTED_EDGE('',*,*,#2791,.T.);
#2084=ORIENTED_EDGE('',*,*,#2782,.F.);
#2085=ORIENTED_EDGE('',*,*,#2792,.F.);
#2086=ORIENTED_EDGE('',*,*,#2534,.T.);
#2087=CARTESIAN_POINT('',(6.4,-2.75,2.4));
#2088=DIRECTION('',(0.0,0.0,-1.0));
#2089=DIRECTION('',(0.0,-1.0,0.0));
#2090=ORIENTED_EDGE('',*,*,#2792,.T.);
#2091=ORIENTED_EDGE('',*,*,#2781,.F.);
#2092=ORIENTED_EDGE('',*,*,#2793,.F.);
#2093=ORIENTED_EDGE('',*,*,#2535,.T.);
#2094=CARTESIAN_POINT('',(6.4,-3.7,3.35));
#2095=DIRECTION('',(0.0,-0.707106781186548,-0.707106781186548));
#2096=DIRECTION('',(0.0,-0.707106781186548,0.707106781186548));
#2097=ORIENTED_EDGE('',*,*,#2793,.T.);
#2098=ORIENTED_EDGE('',*,*,#2780,.F.);
#2099=ORIENTED_EDGE('',*,*,#2794,.F.);
#2100=ORIENTED_EDGE('',*,*,#2536,.T.);
#2101=CARTESIAN_POINT('',(6.4,-3.7,5.05));
#2102=DIRECTION('',(0.0,-1.0,0.0));
#2103=DIRECTION('',(0.0,0.0,-1.0));
#2104=ORIENTED_EDGE('',*,*,#2794,.T.);
#2105=ORIENTED_EDGE('',*,*,#2779,.F.);
#2106=ORIENTED_EDGE('',*,*,#2789,.F.);
#2107=ORIENTED_EDGE('',*,*,#2537,.T.);
#2108=CARTESIAN_POINT('',(6.4,-2.75,6.0));
#2109=DIRECTION('',(0.0,-0.707106781186548,0.707106781186548));
#2110=DIRECTION('',(-1.0,0.0,0.0));
#2111=ORIENTED_EDGE('',*,*,#2795,.F.);
#2112=ORIENTED_EDGE('',*,*,#2778,.T.);
#2113=ORIENTED_EDGE('',*,*,#2796,.F.);
#2114=ORIENTED_EDGE('',*,*,#2797,.T.);
#2115=CARTESIAN_POINT('',(-6.4,0.0,3.665));
#2116=DIRECTION('',(0.0,0.0,1.0));
#2117=DIRECTION('',(1.0,0.0,0.0));
#2118=ORIENTED_EDGE('',*,*,#2798,.F.);
#2119=ORIENTED_EDGE('',*,*,#2788,.T.);
#2120=ORIENTED_EDGE('',*,*,#2799,.F.);
#2121=ORIENTED_EDGE('',*,*,#2800,.T.);
#2122=CARTESIAN_POINT('',(-6.4,0.0,3.665));
#2123=DIRECTION('',(0.0,0.0,1.0));
#2124=DIRECTION('',(1.0,0.0,0.0));
#2125=ORIENTED_EDGE('',*,*,#2801,.F.);
#2126=ORIENTED_EDGE('',*,*,#2802,.F.);
#2127=ORIENTED_EDGE('',*,*,#2481,.F.);
#2128=ORIENTED_EDGE('',*,*,#2803,.F.);
#2129=ORIENTED_EDGE('',*,*,#2804,.F.);
#2130=ORIENTED_EDGE('',*,*,#2805,.T.);
#2131=CARTESIAN_POINT('',(-6.4,0.0,3.665));
#2132=DIRECTION('',(0.0,0.0,1.0));
#2133=DIRECTION('',(1.0,0.0,0.0));
#2134=ORIENTED_EDGE('',*,*,#2806,.F.);
#2135=ORIENTED_EDGE('',*,*,#2807,.F.);
#2136=ORIENTED_EDGE('',*,*,#2808,.F.);
#2137=ORIENTED_EDGE('',*,*,#2485,.F.);
#2138=ORIENTED_EDGE('',*,*,#2809,.F.);
#2139=ORIENTED_EDGE('',*,*,#2810,.F.);
#2140=ORIENTED_EDGE('',*,*,#2811,.F.);
#2141=ORIENTED_EDGE('',*,*,#2812,.T.);
#2142=CARTESIAN_POINT('',(-6.4,0.0,3.665));
#2143=DIRECTION('',(0.0,0.0,1.0));
#2144=DIRECTION('',(1.0,0.0,0.0));
#2145=ORIENTED_EDGE('',*,*,#2813,.F.);
#2146=ORIENTED_EDGE('',*,*,#2814,.T.);
#2147=ORIENTED_EDGE('',*,*,#2815,.T.);
#2148=ORIENTED_EDGE('',*,*,#2797,.F.);
#2149=CARTESIAN_POINT('',(1.85,2.5,3.79));
#2150=DIRECTION('',(0.164398987305406,0.0,-0.986393923832136));
#2151=DIRECTION('',(0.0,-1.0,0.0));
#2152=ORIENTED_EDGE('',*,*,#2815,.F.);
#2153=ORIENTED_EDGE('',*,*,#2816,.F.);
#2154=ORIENTED_EDGE('',*,*,#2817,.T.);
#2155=ORIENTED_EDGE('',*,*,#2818,.T.);
#2156=CARTESIAN_POINT('',(1.85,2.09,4.2));
#2157=DIRECTION('',(0.164398987305406,-0.986393923832136,0.0));
#2158=DIRECTION('',(0.0,0.0,-1.0));
#2159=ORIENTED_EDGE('',*,*,#2819,.F.);
#2160=ORIENTED_EDGE('',*,*,#2820,.F.);
#2161=ORIENTED_EDGE('',*,*,#2809,.T.);
#2162=ORIENTED_EDGE('',*,*,#2484,.T.);
#2163=CARTESIAN_POINT('',(-11.785,1.965,3.665));
#2164=DIRECTION('',(0.0,-1.0,0.0));
#2165=DIRECTION('',(0.0,0.0,-1.0));
#2166=ORIENTED_EDGE('',*,*,#2821,.F.);
#2167=ORIENTED_EDGE('',*,*,#2775,.F.);
#2168=ORIENTED_EDGE('',*,*,#2795,.T.);
#2169=ORIENTED_EDGE('',*,*,#2818,.F.);
#2170=CARTESIAN_POINT('',(-11.785,1.965,3.665));
#2171=DIRECTION('',(0.0,-1.0,0.0));
#2172=DIRECTION('',(0.0,0.0,-1.0));
#2173=ORIENTED_EDGE('',*,*,#2820,.T.);
#2174=ORIENTED_EDGE('',*,*,#2822,.F.);
#2175=ORIENTED_EDGE('',*,*,#2823,.F.);
#2176=ORIENTED_EDGE('',*,*,#2810,.T.);
#2177=CARTESIAN_POINT('',(-11.785,1.285,3.665));
#2178=DIRECTION('',(0.0,0.0,-1.0));
#2179=DIRECTION('',(1.0,0.0,0.0));
#2180=ORIENTED_EDGE('',*,*,#2811,.T.);
#2181=ORIENTED_EDGE('',*,*,#2823,.T.);
#2182=ORIENTED_EDGE('',*,*,#2824,.F.);
#2183=ORIENTED_EDGE('',*,*,#2825,.T.);
#2184=CARTESIAN_POINT('',(-12.465,-9.0,3.665));
#2185=DIRECTION('',(1.0,0.0,0.0));
#2186=DIRECTION('',(0.0,1.0,0.0));
#2187=ORIENTED_EDGE('',*,*,#2826,.T.);
#2188=ORIENTED_EDGE('',*,*,#2827,.T.);
#2189=ORIENTED_EDGE('',*,*,#2828,.T.);
#2190=ORIENTED_EDGE('',*,*,#2825,.F.);
#2191=CARTESIAN_POINT('',(-12.59,-8.25,4.2));
#2192=DIRECTION('',(0.986393923832136,-0.164398987305406,0.0));
#2193=DIRECTION('',(0.0,0.0,-1.0));
#2194=ORIENTED_EDGE('',*,*,#2828,.F.);
#2195=ORIENTED_EDGE('',*,*,#2829,.T.);
#2196=ORIENTED_EDGE('',*,*,#2830,.T.);
#2197=ORIENTED_EDGE('',*,*,#2812,.F.);
#2198=CARTESIAN_POINT('',(-13.0,-8.25,3.79));
#2199=DIRECTION('',(0.0,-0.164398987305406,-0.986393923832136));
#2200=DIRECTION('',(0.0,-0.986393923832136,0.164398987305406));
#2201=ORIENTED_EDGE('',*,*,#2830,.F.);
#2202=ORIENTED_EDGE('',*,*,#2831,.F.);
#2203=ORIENTED_EDGE('',*,*,#2832,.T.);
#2204=ORIENTED_EDGE('',*,*,#2833,.T.);
#2205=CARTESIAN_POINT('',(-13.41,-8.25,4.2));
#2206=DIRECTION('',(-0.986393923832136,-0.164398987305406,0.0));
#2207=DIRECTION('',(-0.164398987305406,0.986393923832136,0.0));
#2208=ORIENTED_EDGE('',*,*,#2834,.F.);
#2209=ORIENTED_EDGE('',*,*,#2835,.F.);
#2210=ORIENTED_EDGE('',*,*,#2806,.T.);
#2211=ORIENTED_EDGE('',*,*,#2833,.F.);
#2212=CARTESIAN_POINT('',(-13.535,1.285,3.665));
#2213=DIRECTION('',(-1.0,0.0,0.0));
#2214=DIRECTION('',(0.0,0.0,1.0));
#2215=ORIENTED_EDGE('',*,*,#2835,.T.);
#2216=ORIENTED_EDGE('',*,*,#2836,.F.);
#2217=ORIENTED_EDGE('',*,*,#2837,.F.);
#2218=ORIENTED_EDGE('',*,*,#2807,.T.);
#2219=CARTESIAN_POINT('',(-11.785,1.285,3.665));
#2220=DIRECTION('',(0.0,0.0,-1.0));
#2221=DIRECTION('',(1.0,0.0,0.0));
#2222=ORIENTED_EDGE('',*,*,#2808,.T.);
#2223=ORIENTED_EDGE('',*,*,#2837,.T.);
#2224=ORIENTED_EDGE('',*,*,#2838,.F.);
#2225=ORIENTED_EDGE('',*,*,#2482,.F.);
#2226=CARTESIAN_POINT('',(2.6,3.035,3.665));
#2227=DIRECTION('',(-0.0,1.0,0.0));
#2228=DIRECTION('',(1.0,0.0,0.0));
#2229=ORIENTED_EDGE('',*,*,#2796,.T.);
#2230=ORIENTED_EDGE('',*,*,#2777,.T.);
#2231=ORIENTED_EDGE('',*,*,#2839,.F.);
#2232=ORIENTED_EDGE('',*,*,#2840,.T.);
#2233=CARTESIAN_POINT('',(2.6,3.035,3.665));
#2234=DIRECTION('',(-0.0,1.0,0.0));
#2235=DIRECTION('',(1.0,0.0,0.0));
#2236=ORIENTED_EDGE('',*,*,#2839,.T.);
#2237=ORIENTED_EDGE('',*,*,#2776,.F.);
#2238=ORIENTED_EDGE('',*,*,#2821,.T.);
#2239=ORIENTED_EDGE('',*,*,#2841,.T.);
#2240=CARTESIAN_POINT('',(-6.4,0.0,4.735));
#2241=DIRECTION('',(0.0,0.0,1.0));
#2242=DIRECTION('',(1.0,0.0,0.0));
#2243=ORIENTED_EDGE('',*,*,#2842,.T.);
#2244=ORIENTED_EDGE('',*,*,#2786,.F.);
#2245=ORIENTED_EDGE('',*,*,#2843,.T.);
#2246=ORIENTED_EDGE('',*,*,#2844,.T.);
#2247=CARTESIAN_POINT('',(-6.4,0.0,4.735));
#2248=DIRECTION('',(0.0,0.0,1.0));
#2249=DIRECTION('',(1.0,0.0,0.0));
#2250=ORIENTED_EDGE('',*,*,#2845,.T.);
#2251=ORIENTED_EDGE('',*,*,#2846,.T.);
#2252=ORIENTED_EDGE('',*,*,#2479,.T.);
#2253=ORIENTED_EDGE('',*,*,#2847,.T.);
#2254=ORIENTED_EDGE('',*,*,#2848,.T.);
#2255=ORIENTED_EDGE('',*,*,#2849,.T.);
#2256=CARTESIAN_POINT('',(-6.4,0.0,4.735));
#2257=DIRECTION('',(0.0,0.0,1.0));
#2258=DIRECTION('',(1.0,0.0,0.0));
#2259=ORIENTED_EDGE('',*,*,#2824,.T.);
#2260=ORIENTED_EDGE('',*,*,#2822,.T.);
#2261=ORIENTED_EDGE('',*,*,#2819,.T.);
#2262=ORIENTED_EDGE('',*,*,#2483,.T.);
#2263=ORIENTED_EDGE('',*,*,#2838,.T.);
#2264=ORIENTED_EDGE('',*,*,#2836,.T.);
#2265=ORIENTED_EDGE('',*,*,#2834,.T.);
#2266=ORIENTED_EDGE('',*,*,#2850,.T.);
#2267=CARTESIAN_POINT('',(-6.4,0.0,4.735));
#2268=DIRECTION('',(0.0,0.0,1.0));
#2269=DIRECTION('',(1.0,0.0,0.0));
#2270=ORIENTED_EDGE('',*,*,#2851,.F.);
#2271=ORIENTED_EDGE('',*,*,#2841,.F.);
#2272=ORIENTED_EDGE('',*,*,#2817,.F.);
#2273=ORIENTED_EDGE('',*,*,#2852,.T.);
#2274=CARTESIAN_POINT('',(1.85,2.5,4.61));
#2275=DIRECTION('',(0.164398987305406,0.0,0.986393923832136));
#2276=DIRECTION('',(0.0,-1.0,0.0));
#2277=ORIENTED_EDGE('',*,*,#2852,.F.);
#2278=ORIENTED_EDGE('',*,*,#2816,.T.);
#2279=ORIENTED_EDGE('',*,*,#2814,.F.);
#2280=ORIENTED_EDGE('',*,*,#2853,.F.);
#2281=CARTESIAN_POINT('',(2.6,1.965,3.665));
#2282=DIRECTION('',(1.0,0.0,0.0));
#2283=DIRECTION('',(0.0,1.0,0.0));
#2284=ORIENTED_EDGE('',*,*,#2851,.T.);
#2285=ORIENTED_EDGE('',*,*,#2853,.T.);
#2286=ORIENTED_EDGE('',*,*,#2813,.T.);
#2287=ORIENTED_EDGE('',*,*,#2840,.F.);
#2288=CARTESIAN_POINT('',(1.85,2.91,4.2));
#2289=DIRECTION('',(0.164398987305406,0.986393923832136,0.0));
#2290=DIRECTION('',(0.0,0.0,-1.0));
#2291=ORIENTED_EDGE('',*,*,#2854,.T.);
#2292=ORIENTED_EDGE('',*,*,#2844,.F.);
#2293=ORIENTED_EDGE('',*,*,#2855,.F.);
#2294=ORIENTED_EDGE('',*,*,#2856,.T.);
#2295=CARTESIAN_POINT('',(1.85,-1.7,4.61));
#2296=DIRECTION('',(0.164398987305406,0.0,0.986393923832136));
#2297=DIRECTION('',(0.0,-1.0,0.0));
#2298=ORIENTED_EDGE('',*,*,#2856,.F.);
#2299=ORIENTED_EDGE('',*,*,#2857,.T.);
#2300=ORIENTED_EDGE('',*,*,#2858,.F.);
#2301=ORIENTED_EDGE('',*,*,#2859,.F.);
#2302=CARTESIAN_POINT('',(2.6,-2.235,3.665));
#2303=DIRECTION('',(1.0,0.0,0.0));
#2304=DIRECTION('',(0.0,1.0,0.0));
#2305=ORIENTED_EDGE('',*,*,#2854,.F.);
#2306=ORIENTED_EDGE('',*,*,#2859,.T.);
#2307=ORIENTED_EDGE('',*,*,#2860,.T.);
#2308=ORIENTED_EDGE('',*,*,#2861,.F.);
#2309=CARTESIAN_POINT('',(1.85,-1.29,4.2));
#2310=DIRECTION('',(0.164398987305406,0.986393923832136,0.0));
#2311=DIRECTION('',(0.0,0.0,-1.0));
#2312=ORIENTED_EDGE('',*,*,#2799,.T.);
#2313=ORIENTED_EDGE('',*,*,#2787,.T.);
#2314=ORIENTED_EDGE('',*,*,#2842,.F.);
#2315=ORIENTED_EDGE('',*,*,#2861,.T.);
#2316=CARTESIAN_POINT('',(2.6,-1.165,3.665));
#2317=DIRECTION('',(-0.0,1.0,0.0));
#2318=DIRECTION('',(1.0,0.0,0.0));
#2319=ORIENTED_EDGE('',*,*,#2860,.F.);
#2320=ORIENTED_EDGE('',*,*,#2858,.T.);
#2321=ORIENTED_EDGE('',*,*,#2862,.T.);
#2322=ORIENTED_EDGE('',*,*,#2800,.F.);
#2323=CARTESIAN_POINT('',(1.85,-1.7,3.79));
#2324=DIRECTION('',(0.164398987305406,0.0,-0.986393923832136));
#2325=DIRECTION('',(0.0,-1.0,0.0));
#2326=ORIENTED_EDGE('',*,*,#2862,.F.);
#2327=ORIENTED_EDGE('',*,*,#2857,.F.);
#2328=ORIENTED_EDGE('',*,*,#2855,.T.);
#2329=ORIENTED_EDGE('',*,*,#2863,.T.);
#2330=CARTESIAN_POINT('',(1.85,-2.11,4.2));
#2331=DIRECTION('',(0.164398987305406,-0.986393923832136,0.0));
#2332=DIRECTION('',(0.0,0.0,-1.0));
#2333=ORIENTED_EDGE('',*,*,#2843,.F.);
#2334=ORIENTED_EDGE('',*,*,#2785,.F.);
#2335=ORIENTED_EDGE('',*,*,#2798,.T.);
#2336=ORIENTED_EDGE('',*,*,#2863,.F.);
#2337=CARTESIAN_POINT('',(-6.285,-2.235,3.665));
#2338=DIRECTION('',(0.0,-1.0,0.0));
#2339=DIRECTION('',(0.0,0.0,-1.0));
#2340=ORIENTED_EDGE('',*,*,#2864,.F.);
#2341=ORIENTED_EDGE('',*,*,#2849,.F.);
#2342=ORIENTED_EDGE('',*,*,#2865,.F.);
#2343=ORIENTED_EDGE('',*,*,#2866,.T.);
#2344=CARTESIAN_POINT('',(-7.5,-8.25,4.61));
#2345=DIRECTION('',(0.0,-0.164398987305406,0.986393923832136));
#2346=DIRECTION('',(-1.0,0.0,0.0));
#2347=ORIENTED_EDGE('',*,*,#2866,.F.);
#2348=ORIENTED_EDGE('',*,*,#2867,.T.);
#2349=ORIENTED_EDGE('',*,*,#2868,.F.);
#2350=ORIENTED_EDGE('',*,*,#2869,.F.);
#2351=CARTESIAN_POINT('',(-8.035,-9.0,3.665));
#2352=DIRECTION('',(0.0,-1.0,0.0));
#2353=DIRECTION('',(0.0,0.0,-1.0));
#2354=ORIENTED_EDGE('',*,*,#2864,.T.);
#2355=ORIENTED_EDGE('',*,*,#2869,.T.);
#2356=ORIENTED_EDGE('',*,*,#2870,.T.);
#2357=ORIENTED_EDGE('',*,*,#2871,.F.);
#2358=CARTESIAN_POINT('',(-7.09,-8.25,4.2));
#2359=DIRECTION('',(0.986393923832136,-0.164398987305406,0.0));
#2360=DIRECTION('',(0.0,0.0,-1.0));
#2361=ORIENTED_EDGE('',*,*,#2804,.T.);
#2362=ORIENTED_EDGE('',*,*,#2872,.T.);
#2363=ORIENTED_EDGE('',*,*,#2845,.F.);
#2364=ORIENTED_EDGE('',*,*,#2871,.T.);
#2365=CARTESIAN_POINT('',(-6.965,-9.0,3.665));
#2366=DIRECTION('',(1.0,0.0,0.0));
#2367=DIRECTION('',(0.0,1.0,0.0));
#2368=ORIENTED_EDGE('',*,*,#2846,.F.);
#2369=ORIENTED_EDGE('',*,*,#2872,.F.);
#2370=ORIENTED_EDGE('',*,*,#2803,.T.);
#2371=ORIENTED_EDGE('',*,*,#2480,.T.);
#2372=CARTESIAN_POINT('',(-6.285,-2.915,3.665));
#2373=DIRECTION('',(0.0,0.0,-1.0));
#2374=DIRECTION('',(1.0,0.0,0.0));
#2375=ORIENTED_EDGE('',*,*,#2870,.F.);
#2376=ORIENTED_EDGE('',*,*,#2868,.T.);
#2377=ORIENTED_EDGE('',*,*,#2873,.T.);
#2378=ORIENTED_EDGE('',*,*,#2805,.F.);
#2379=CARTESIAN_POINT('',(-7.5,-8.25,3.79));
#2380=DIRECTION('',(0.0,-0.164398987305406,-0.986393923832136));
#2381=DIRECTION('',(0.0,-0.986393923832136,0.164398987305406));
#2382=ORIENTED_EDGE('',*,*,#2873,.F.);
#2383=ORIENTED_EDGE('',*,*,#2867,.F.);
#2384=ORIENTED_EDGE('',*,*,#2865,.T.);
#2385=ORIENTED_EDGE('',*,*,#2874,.T.);
#2386=CARTESIAN_POINT('',(-7.91,-8.25,4.2));
#2387=DIRECTION('',(-0.986393923832136,-0.164398987305406,0.0));
#2388=DIRECTION('',(-0.164398987305406,0.986393923832136,0.0));
#2389=ORIENTED_EDGE('',*,*,#2848,.F.);
#2390=ORIENTED_EDGE('',*,*,#2875,.F.);
#2391=ORIENTED_EDGE('',*,*,#2801,.T.);
#2392=ORIENTED_EDGE('',*,*,#2874,.F.);
#2393=CARTESIAN_POINT('',(-8.035,-2.915,3.665));
#2394=DIRECTION('',(-1.0,0.0,0.0));
#2395=DIRECTION('',(0.0,0.0,1.0));
#2396=ORIENTED_EDGE('',*,*,#2802,.T.);
#2397=ORIENTED_EDGE('',*,*,#2875,.T.);
#2398=ORIENTED_EDGE('',*,*,#2847,.F.);
#2399=ORIENTED_EDGE('',*,*,#2478,.F.);
#2400=CARTESIAN_POINT('',(-6.285,-2.915,3.665));
#2401=DIRECTION('',(0.0,0.0,-1.0));
#2402=DIRECTION('',(1.0,0.0,0.0));
#2403=ORIENTED_EDGE('',*,*,#2826,.F.);
#2404=ORIENTED_EDGE('',*,*,#2850,.F.);
#2405=ORIENTED_EDGE('',*,*,#2832,.F.);
#2406=ORIENTED_EDGE('',*,*,#2876,.T.);
#2407=CARTESIAN_POINT('',(-13.0,-8.25,4.61));
#2408=DIRECTION('',(0.0,-0.164398987305406,0.986393923832136));
#2409=DIRECTION('',(-1.0,0.0,0.0));
#2410=ORIENTED_EDGE('',*,*,#2876,.F.);
#2411=ORIENTED_EDGE('',*,*,#2831,.T.);
#2412=ORIENTED_EDGE('',*,*,#2829,.F.);
#2413=ORIENTED_EDGE('',*,*,#2827,.F.);
#2414=CARTESIAN_POINT('',(-13.535,-9.0,3.665));
#2415=DIRECTION('',(0.0,-1.0,0.0));
#2416=DIRECTION('',(0.0,0.0,-1.0));
#2417=ORIENTED_EDGE('',*,*,#2499,.T.);
#2418=ORIENTED_EDGE('',*,*,#2877,.T.);
#2419=ORIENTED_EDGE('',*,*,#2878,.T.);
#2420=ORIENTED_EDGE('',*,*,#2492,.F.);
#2421=CARTESIAN_POINT('',(0.0,0.0,1.7));
#2422=DIRECTION('',(0.0,0.0,1.0));
#2423=DIRECTION('',(1.0,0.0,0.0));
#2424=ORIENTED_EDGE('',*,*,#2878,.F.);
#2425=ORIENTED_EDGE('',*,*,#2879,.F.);
#2426=ORIENTED_EDGE('',*,*,#2495,.T.);
#2427=ORIENTED_EDGE('',*,*,#2493,.T.);
#2428=CARTESIAN_POINT('',(3.35,6.4,-1.7));
#2429=DIRECTION('',(-1.0,0.0,0.0));
#2430=DIRECTION('',(0.0,0.0,1.0));
#2431=ORIENTED_EDGE('',*,*,#2879,.T.);
#2432=ORIENTED_EDGE('',*,*,#2877,.F.);
#2433=ORIENTED_EDGE('',*,*,#2498,.F.);
#2434=ORIENTED_EDGE('',*,*,#2496,.T.);
#2435=CARTESIAN_POINT('',(4.05,6.4,-1.7));
#2436=DIRECTION('',(-0.0,1.0,0.0));
#2437=DIRECTION('',(1.0,0.0,0.0));
#2438=AXIS2_PLACEMENT_3D('',#2880,#2881,#2882);
#2439=AXIS2_PLACEMENT_3D('',#2883,#2884,#2885);
#2440=AXIS2_PLACEMENT_3D('',#2886,#2887,#2888);
#2441=AXIS2_PLACEMENT_3D('',#2889,#2890,#2891);
#2442=AXIS2_PLACEMENT_3D('',#2892,#2893,#2894);
#2443=AXIS2_PLACEMENT_3D('',#2895,#2896,#2897);
#2444=AXIS2_PLACEMENT_3D('',#2898,#2899,#2900);
#2445=AXIS2_PLACEMENT_3D('',#2901,#2902,#2903);
#2446=AXIS2_PLACEMENT_3D('',#2904,#2905,#2906);
#2447=AXIS2_PLACEMENT_3D('',#2907,#2908,#2909);
#2448=AXIS2_PLACEMENT_3D('',#2910,#2911,#2912);
#2449=AXIS2_PLACEMENT_3D('',#2913,#2914,#2915);
#2450=EDGE_CURVE('',#2916,#2917,#2918,.T.);
#2451=EDGE_CURVE('',#2919,#2916,#2920,.T.);
#2452=EDGE_CURVE('',#2921,#2919,#2922,.T.);
#2453=EDGE_CURVE('',#2921,#2917,#2923,.T.);
#2454=EDGE_CURVE('',#2924,#2925,#2926,.T.);
#2455=EDGE_CURVE('',#2927,#2924,#2928,.T.);
#2456=EDGE_CURVE('',#2929,#2927,#2930,.T.);
#2457=EDGE_CURVE('',#2931,#2929,#2932,.T.);
#2458=EDGE_CURVE('',#2933,#2931,#2934,.T.);
#2459=EDGE_CURVE('',#2935,#2933,#2936,.T.);
#2460=EDGE_CURVE('',#2937,#2935,#2938,.T.);
#2461=EDGE_CURVE('',#2925,#2937,#2939,.T.);
#2462=EDGE_CURVE('',#2940,#2941,#2942,.T.);
#2463=EDGE_CURVE('',#2943,#2941,#2944,.T.);
#2464=EDGE_CURVE('',#2945,#2943,#2946,.T.);
#2465=EDGE_CURVE('',#2945,#2940,#2947,.T.);
#2466=EDGE_CURVE('',#2948,#2949,#2950,.T.);
#2467=EDGE_CURVE('',#2951,#2949,#2952,.T.);
#2468=EDGE_CURVE('',#2953,#2951,#2954,.T.);
#2469=EDGE_CURVE('',#2953,#2948,#2955,.T.);
#2470=EDGE_CURVE('',#2956,#2957,#2958,.T.);
#2471=EDGE_CURVE('',#2959,#2957,#2960,.T.);
#2472=EDGE_CURVE('',#2961,#2959,#2962,.T.);
#2473=EDGE_CURVE('',#2961,#2956,#2963,.T.);
#2474=EDGE_CURVE('',#2964,#2965,#2966,.T.);
#2475=EDGE_CURVE('',#2967,#2965,#2968,.T.);
#2476=EDGE_CURVE('',#2969,#2967,#2970,.T.);
#2477=EDGE_CURVE('',#2969,#2964,#2971,.T.);
#2478=EDGE_CURVE('',#2972,#2973,#2974,.T.);
#2479=EDGE_CURVE('',#2975,#2973,#2976,.T.);
#2480=EDGE_CURVE('',#2977,#2975,#2978,.T.);
#2481=EDGE_CURVE('',#2977,#2972,#2979,.T.);
#2482=EDGE_CURVE('',#2980,#2981,#2982,.T.);
#2483=EDGE_CURVE('',#2983,#2981,#2984,.T.);
#2484=EDGE_CURVE('',#2985,#2983,#2986,.T.);
#2485=EDGE_CURVE('',#2985,#2980,#2987,.T.);
#2486=EDGE_CURVE('',#2937,#2988,#2989,.T.);
#2487=EDGE_CURVE('',#2990,#2988,#2991,.T.);
#2488=EDGE_CURVE('',#2925,#2990,#2992,.T.);
#2489=EDGE_CURVE('',#2993,#2994,#2995,.T.);
#2490=EDGE_CURVE('',#2924,#2993,#2996,.T.);
#2491=EDGE_CURVE('',#2997,#2990,#2998,.T.);
#2492=EDGE_CURVE('',#2997,#2999,#3000,.T.);
#2493=EDGE_CURVE('',#3001,#2999,#3002,.T.);
#2494=EDGE_CURVE('',#2994,#3001,#3003,.T.);
#2495=EDGE_CURVE('',#3004,#3001,#3005,.T.);
#2496=EDGE_CURVE('',#3006,#3004,#3007,.T.);
#2497=EDGE_CURVE('',#2994,#3006,#3008,.T.);
#2498=EDGE_CURVE('',#3006,#3009,#3010,.T.);
#2499=EDGE_CURVE('',#2997,#3009,#3011,.T.);
#2500=EDGE_CURVE('',#2994,#2997,#3012,.T.);
#2501=EDGE_CURVE('',#2988,#3013,#3014,.T.);
#2502=EDGE_CURVE('',#3013,#3015,#3016,.T.);
#2503=EDGE_CURVE('',#3015,#3017,#3018,.T.);
#2504=EDGE_CURVE('',#3017,#3019,#3020,.T.);
#2505=EDGE_CURVE('',#3019,#3021,#3022,.T.);
#2506=EDGE_CURVE('',#3021,#3023,#3024,.T.);
#2507=EDGE_CURVE('',#2917,#3023,#3025,.T.);
#2508=EDGE_CURVE('',#2921,#2993,#3026,.T.);
#2509=EDGE_CURVE('',#3027,#3028,#3029,.T.);
#2510=EDGE_CURVE('',#3030,#3027,#3031,.T.);
#2511=EDGE_CURVE('',#3032,#3030,#3033,.T.);
#2512=EDGE_CURVE('',#3034,#3032,#3035,.T.);
#2513=EDGE_CURVE('',#3036,#3034,#3037,.T.);
#2514=EDGE_CURVE('',#3028,#3036,#3038,.T.);
#2515=EDGE_CURVE('',#3039,#3040,#3041,.T.);
#2516=EDGE_CURVE('',#3042,#3039,#3043,.T.);
#2517=EDGE_CURVE('',#3044,#3042,#3045,.T.);
#2518=EDGE_CURVE('',#3040,#3044,#3046,.T.);
#2519=EDGE_CURVE('',#3047,#3048,#3049,.T.);
#2520=EDGE_CURVE('',#3050,#3047,#3051,.T.);
#2521=EDGE_CURVE('',#3052,#3050,#3053,.T.);
#2522=EDGE_CURVE('',#3048,#3052,#3054,.T.);
#2523=EDGE_CURVE('',#3055,#3056,#3057,.T.);
#2524=EDGE_CURVE('',#3058,#3055,#3059,.T.);
#2525=EDGE_CURVE('',#3060,#3058,#3061,.T.);
#2526=EDGE_CURVE('',#3062,#3060,#3063,.T.);
#2527=EDGE_CURVE('',#3064,#3062,#3065,.T.);
#2528=EDGE_CURVE('',#3056,#3064,#3066,.T.);
#2529=EDGE_CURVE('',#3067,#3068,#3069,.T.);
#2530=EDGE_CURVE('',#3070,#3067,#3071,.T.);
#2531=EDGE_CURVE('',#3072,#3070,#3073,.T.);
#2532=EDGE_CURVE('',#3068,#3072,#3074,.T.);
#2533=EDGE_CURVE('',#3075,#3076,#3077,.T.);
#2534=EDGE_CURVE('',#3078,#3075,#3079,.T.);
#2535=EDGE_CURVE('',#3080,#3078,#3081,.T.);
#2536=EDGE_CURVE('',#3082,#3080,#3083,.T.);
#2537=EDGE_CURVE('',#3084,#3082,#3085,.T.);
#2538=EDGE_CURVE('',#3076,#3084,#3086,.T.);
#2539=EDGE_CURVE('',#3023,#3087,#3088,.T.);
#2540=EDGE_CURVE('',#2927,#3021,#3089,.T.);
#2541=EDGE_CURVE('',#3087,#2919,#3090,.T.);
#2542=EDGE_CURVE('',#2916,#3087,#3091,.T.);
#2543=EDGE_CURVE('',#2929,#3019,#3092,.T.);
#2544=EDGE_CURVE('',#2931,#3017,#3093,.T.);
#2545=EDGE_CURVE('',#2933,#3015,#3094,.T.);
#2546=EDGE_CURVE('',#2935,#3013,#3095,.T.);
#2547=EDGE_CURVE('',#3036,#3096,#3097,.T.);
#2548=EDGE_CURVE('',#3098,#3096,#3099,.T.);
#2549=EDGE_CURVE('',#3028,#3098,#3100,.T.);
#2550=EDGE_CURVE('',#3101,#3098,#3102,.T.);
#2551=EDGE_CURVE('',#3027,#3101,#3103,.T.);
#2552=EDGE_CURVE('',#3104,#3101,#3105,.T.);
#2553=EDGE_CURVE('',#3030,#3104,#3106,.T.);
#2554=EDGE_CURVE('',#3107,#3104,#3108,.T.);
#2555=EDGE_CURVE('',#3032,#3107,#3109,.T.);
#2556=EDGE_CURVE('',#3110,#3107,#3111,.T.);
#2557=EDGE_CURVE('',#3034,#3110,#3112,.T.);
#2558=EDGE_CURVE('',#3096,#3110,#3113,.T.);
#2559=EDGE_CURVE('',#3114,#3115,#3116,.T.);
#2560=EDGE_CURVE('',#3115,#3117,#3118,.T.);
#2561=EDGE_CURVE('',#3119,#3117,#3120,.T.);
#2562=EDGE_CURVE('',#3114,#3119,#3121,.T.);
#2563=EDGE_CURVE('',#3122,#3123,#3124,.T.);
#2564=EDGE_CURVE('',#3123,#3125,#3126,.T.);
#2565=EDGE_CURVE('',#3125,#3127,#3128,.T.);
#2566=EDGE_CURVE('',#3127,#3122,#3129,.T.);
#2567=EDGE_CURVE('',#3130,#3131,#3132,.T.);
#2568=EDGE_CURVE('',#3131,#3133,#3134,.T.);
#2569=EDGE_CURVE('',#3135,#3133,#3136,.T.);
#2570=EDGE_CURVE('',#3130,#3135,#3137,.T.);
#2571=EDGE_CURVE('',#3044,#3122,#3138,.T.);
#2572=EDGE_CURVE('',#3040,#3127,#3139,.T.);
#2573=EDGE_CURVE('',#3039,#3125,#3140,.T.);
#2574=EDGE_CURVE('',#3042,#3123,#3141,.T.);
#2575=EDGE_CURVE('',#3114,#3142,#3143,.T.);
#2576=EDGE_CURVE('',#3144,#3119,#3145,.T.);
#2577=EDGE_CURVE('',#3144,#3142,#3146,.T.);
#2578=EDGE_CURVE('',#3130,#3147,#3148,.T.);
#2579=EDGE_CURVE('',#3149,#3135,#3150,.T.);
#2580=EDGE_CURVE('',#3149,#3147,#3151,.T.);
#2581=EDGE_CURVE('',#3152,#3153,#3154,.T.);
#2582=EDGE_CURVE('',#2940,#3152,#3155,.T.);
#2583=EDGE_CURVE('',#3156,#2945,#3157,.T.);
#2584=EDGE_CURVE('',#3158,#3156,#3159,.T.);
#2585=EDGE_CURVE('',#3158,#3153,#3160,.T.);
#2586=EDGE_CURVE('',#3161,#3162,#3163,.T.);
#2587=EDGE_CURVE('',#3164,#3161,#3165,.T.);
#2588=EDGE_CURVE('',#2948,#3164,#3166,.T.);
#2589=EDGE_CURVE('',#3167,#2953,#3168,.T.);
#2590=EDGE_CURVE('',#3169,#3167,#3170,.T.);
#2591=EDGE_CURVE('',#3171,#3169,#3172,.T.);
#2592=EDGE_CURVE('',#3171,#3162,#3173,.T.);
#2593=EDGE_CURVE('',#3174,#3144,#3175,.T.);
#2594=EDGE_CURVE('',#3174,#3176,#3177,.T.);
#2595=EDGE_CURVE('',#3176,#3142,#3178,.T.);
#2596=EDGE_CURVE('',#3179,#3176,#3180,.T.);
#2597=EDGE_CURVE('',#3179,#3181,#3182,.T.);
#2598=EDGE_CURVE('',#3181,#3142,#3183,.T.);
#2599=EDGE_CURVE('',#3184,#2951,#3185,.T.);
#2600=EDGE_CURVE('',#3167,#3184,#3186,.T.);
#2601=EDGE_CURVE('',#3115,#3181,#3187,.T.);
#2602=EDGE_CURVE('',#3188,#3184,#3189,.T.);
#2603=EDGE_CURVE('',#3169,#3188,#3190,.T.);
#2604=EDGE_CURVE('',#3191,#3188,#3192,.T.);
#2605=EDGE_CURVE('',#3191,#3171,#3193,.T.);
#2606=EDGE_CURVE('',#3191,#3194,#3195,.T.);
#2607=EDGE_CURVE('',#3194,#3196,#3197,.T.);
#2608=EDGE_CURVE('',#3196,#3171,#3198,.T.);
#2609=EDGE_CURVE('',#3196,#3199,#3200,.T.);
#2610=EDGE_CURVE('',#3199,#3162,#3201,.T.);
#2611=EDGE_CURVE('',#3202,#3199,#3203,.T.);
#2612=EDGE_CURVE('',#3202,#3204,#3205,.T.);
#2613=EDGE_CURVE('',#3204,#3162,#3206,.T.);
#2614=EDGE_CURVE('',#3207,#3204,#3208,.T.);
#2615=EDGE_CURVE('',#3161,#3207,#3209,.T.);
#2616=EDGE_CURVE('',#3210,#3207,#3211,.T.);
#2617=EDGE_CURVE('',#3164,#3210,#3212,.T.);
#2618=EDGE_CURVE('',#2949,#3210,#3213,.T.);
#2619=EDGE_CURVE('',#3214,#3117,#3215,.T.);
#2620=EDGE_CURVE('',#3214,#3144,#3216,.T.);
#2621=EDGE_CURVE('',#3181,#3214,#3217,.T.);
#2622=EDGE_CURVE('',#3218,#3133,#3219,.T.);
#2623=EDGE_CURVE('',#3131,#3220,#3221,.T.);
#2624=EDGE_CURVE('',#3220,#3218,#3222,.T.);
#2625=EDGE_CURVE('',#3223,#3224,#3225,.T.);
#2626=EDGE_CURVE('',#3224,#2943,#3226,.T.);
#2627=EDGE_CURVE('',#2941,#3227,#3228,.T.);
#2628=EDGE_CURVE('',#3227,#3229,#3230,.T.);
#2629=EDGE_CURVE('',#3229,#3223,#3231,.T.);
#2630=EDGE_CURVE('',#3204,#3191,#3232,.T.);
#2631=EDGE_CURVE('',#3214,#3233,#3234,.T.);
#2632=EDGE_CURVE('',#3179,#3233,#3235,.T.);
#2633=EDGE_CURVE('',#3233,#3174,#3236,.T.);
#2634=EDGE_CURVE('',#3237,#3218,#3238,.T.);
#2635=EDGE_CURVE('',#3239,#3220,#3240,.T.);
#2636=EDGE_CURVE('',#3239,#3237,#3241,.T.);
#2637=EDGE_CURVE('',#3239,#3242,#3243,.T.);
#2638=EDGE_CURVE('',#3244,#3242,#3245,.T.);
#2639=EDGE_CURVE('',#3237,#3244,#3246,.T.);
#2640=EDGE_CURVE('',#3244,#3149,#3247,.T.);
#2641=EDGE_CURVE('',#3218,#3149,#3248,.T.);
#2642=EDGE_CURVE('',#3242,#3147,#3249,.T.);
#2643=EDGE_CURVE('',#3220,#3147,#3250,.T.);
#2644=EDGE_CURVE('',#3223,#3251,#3252,.T.);
#2645=EDGE_CURVE('',#3253,#3229,#3254,.T.);
#2646=EDGE_CURVE('',#3253,#3251,#3255,.T.);
#2647=EDGE_CURVE('',#3253,#3256,#3257,.T.);
#2648=EDGE_CURVE('',#3258,#3256,#3259,.T.);
#2649=EDGE_CURVE('',#3251,#3258,#3260,.T.);
#2650=EDGE_CURVE('',#3258,#3158,#3261,.T.);
#2651=EDGE_CURVE('',#3223,#3158,#3262,.T.);
#2652=EDGE_CURVE('',#3156,#3224,#3263,.T.);
#2653=EDGE_CURVE('',#3256,#3153,#3264,.T.);
#2654=EDGE_CURVE('',#3229,#3153,#3265,.T.);
#2655=EDGE_CURVE('',#3152,#3227,#3266,.T.);
#2656=EDGE_CURVE('',#3202,#3194,#3267,.T.);
#2657=EDGE_CURVE('',#3052,#3268,#3269,.T.);
#2658=EDGE_CURVE('',#3270,#3268,#3271,.T.);
#2659=EDGE_CURVE('',#3048,#3270,#3272,.T.);
#2660=EDGE_CURVE('',#3273,#3270,#3274,.T.);
#2661=EDGE_CURVE('',#3047,#3273,#3275,.T.);
#2662=EDGE_CURVE('',#3276,#3273,#3277,.T.);
#2663=EDGE_CURVE('',#3050,#3276,#3278,.T.);
#2664=EDGE_CURVE('',#3268,#3276,#3279,.T.);
#2665=EDGE_CURVE('',#3280,#3281,#3282,.T.);
#2666=EDGE_CURVE('',#3281,#3283,#3284,.T.);
#2667=EDGE_CURVE('',#3285,#3283,#3286,.T.);
#2668=EDGE_CURVE('',#3280,#3285,#3287,.T.);
#2669=EDGE_CURVE('',#3288,#3289,#3290,.T.);
#2670=EDGE_CURVE('',#3289,#3291,#3292,.T.);
#2671=EDGE_CURVE('',#3291,#3293,#3294,.T.);
#2672=EDGE_CURVE('',#3293,#3295,#3296,.T.);
#2673=EDGE_CURVE('',#3295,#3297,#3298,.T.);
#2674=EDGE_CURVE('',#3297,#3288,#3299,.T.);
#2675=EDGE_CURVE('',#3300,#3301,#3302,.T.);
#2676=EDGE_CURVE('',#3301,#3303,#3304,.T.);
#2677=EDGE_CURVE('',#3305,#3303,#3306,.T.);
#2678=EDGE_CURVE('',#3300,#3305,#3307,.T.);
#2679=EDGE_CURVE('',#3064,#3288,#3308,.T.);
#2680=EDGE_CURVE('',#3056,#3297,#3309,.T.);
#2681=EDGE_CURVE('',#3055,#3295,#3310,.T.);
#2682=EDGE_CURVE('',#3058,#3293,#3311,.T.);
#2683=EDGE_CURVE('',#3060,#3291,#3312,.T.);
#2684=EDGE_CURVE('',#3062,#3289,#3313,.T.);
#2685=EDGE_CURVE('',#3280,#3314,#3315,.T.);
#2686=EDGE_CURVE('',#3316,#3285,#3317,.T.);
#2687=EDGE_CURVE('',#3316,#3314,#3318,.T.);
#2688=EDGE_CURVE('',#3300,#3319,#3320,.T.);
#2689=EDGE_CURVE('',#3321,#3305,#3322,.T.);
#2690=EDGE_CURVE('',#3321,#3319,#3323,.T.);
#2691=EDGE_CURVE('',#3324,#3325,#3326,.T.);
#2692=EDGE_CURVE('',#2956,#3324,#3327,.T.);
#2693=EDGE_CURVE('',#3328,#2961,#3329,.T.);
#2694=EDGE_CURVE('',#3330,#3328,#3331,.T.);
#2695=EDGE_CURVE('',#3330,#3325,#3332,.T.);
#2696=EDGE_CURVE('',#3333,#3334,#3335,.T.);
#2697=EDGE_CURVE('',#3336,#3333,#3337,.T.);
#2698=EDGE_CURVE('',#2964,#3336,#3338,.T.);
#2699=EDGE_CURVE('',#3339,#2969,#3340,.T.);
#2700=EDGE_CURVE('',#3341,#3339,#3342,.T.);
#2701=EDGE_CURVE('',#3343,#3341,#3344,.T.);
#2702=EDGE_CURVE('',#3343,#3334,#3345,.T.);
#2703=EDGE_CURVE('',#3346,#3316,#3347,.T.);
#2704=EDGE_CURVE('',#3346,#3348,#3349,.T.);
#2705=EDGE_CURVE('',#3348,#3314,#3350,.T.);
#2706=EDGE_CURVE('',#3351,#3348,#3352,.T.);
#2707=EDGE_CURVE('',#3351,#3353,#3354,.T.);
#2708=EDGE_CURVE('',#3353,#3314,#3355,.T.);
#2709=EDGE_CURVE('',#3356,#2967,#3357,.T.);
#2710=EDGE_CURVE('',#3339,#3356,#3358,.T.);
#2711=EDGE_CURVE('',#3281,#3353,#3359,.T.);
#2712=EDGE_CURVE('',#3360,#3356,#3361,.T.);
#2713=EDGE_CURVE('',#3341,#3360,#3362,.T.);
#2714=EDGE_CURVE('',#3363,#3360,#3364,.T.);
#2715=EDGE_CURVE('',#3363,#3343,#3365,.T.);
#2716=EDGE_CURVE('',#3363,#3366,#3367,.T.);
#2717=EDGE_CURVE('',#3366,#3368,#3369,.T.);
#2718=EDGE_CURVE('',#3368,#3343,#3370,.T.);
#2719=EDGE_CURVE('',#3368,#3371,#3372,.T.);
#2720=EDGE_CURVE('',#3371,#3334,#3373,.T.);
#2721=EDGE_CURVE('',#3374,#3371,#3375,.T.);
#2722=EDGE_CURVE('',#3374,#3376,#3377,.T.);
#2723=EDGE_CURVE('',#3376,#3334,#3378,.T.);
#2724=EDGE_CURVE('',#3379,#3376,#3380,.T.);
#2725=EDGE_CURVE('',#3333,#3379,#3381,.T.);
#2726=EDGE_CURVE('',#3382,#3379,#3383,.T.);
#2727=EDGE_CURVE('',#3336,#3382,#3384,.T.);
#2728=EDGE_CURVE('',#2965,#3382,#3385,.T.);
#2729=EDGE_CURVE('',#3386,#3283,#3387,.T.);
#2730=EDGE_CURVE('',#3386,#3316,#3388,.T.);
#2731=EDGE_CURVE('',#3353,#3386,#3389,.T.);
#2732=EDGE_CURVE('',#3390,#3303,#3391,.T.);
#2733=EDGE_CURVE('',#3301,#3392,#3393,.T.);
#2734=EDGE_CURVE('',#3392,#3390,#3394,.T.);
#2735=EDGE_CURVE('',#3395,#3396,#3397,.T.);
#2736=EDGE_CURVE('',#3396,#2959,#3398,.T.);
#2737=EDGE_CURVE('',#2957,#3399,#3400,.T.);
#2738=EDGE_CURVE('',#3399,#3401,#3402,.T.);
#2739=EDGE_CURVE('',#3401,#3395,#3403,.T.);
#2740=EDGE_CURVE('',#3376,#3363,#3404,.T.);
#2741=EDGE_CURVE('',#3386,#3405,#3406,.T.);
#2742=EDGE_CURVE('',#3351,#3405,#3407,.T.);
#2743=EDGE_CURVE('',#3405,#3346,#3408,.T.);
#2744=EDGE_CURVE('',#3409,#3390,#3410,.T.);
#2745=EDGE_CURVE('',#3411,#3392,#3412,.T.);
#2746=EDGE_CURVE('',#3411,#3409,#3413,.T.);
#2747=EDGE_CURVE('',#3411,#3414,#3415,.T.);
#2748=EDGE_CURVE('',#3416,#3414,#3417,.T.);
#2749=EDGE_CURVE('',#3409,#3416,#3418,.T.);
#2750=EDGE_CURVE('',#3416,#3321,#3419,.T.);
#2751=EDGE_CURVE('',#3390,#3321,#3420,.T.);
#2752=EDGE_CURVE('',#3414,#3319,#3421,.T.);
#2753=EDGE_CURVE('',#3392,#3319,#3422,.T.);
#2754=EDGE_CURVE('',#3395,#3423,#3424,.T.);
#2755=EDGE_CURVE('',#3425,#3401,#3426,.T.);
#2756=EDGE_CURVE('',#3425,#3423,#3427,.T.);
#2757=EDGE_CURVE('',#3425,#3428,#3429,.T.);
#2758=EDGE_CURVE('',#3430,#3428,#3431,.T.);
#2759=EDGE_CURVE('',#3423,#3430,#3432,.T.);
#2760=EDGE_CURVE('',#3430,#3330,#3433,.T.);
#2761=EDGE_CURVE('',#3395,#3330,#3434,.T.);
#2762=EDGE_CURVE('',#3328,#3396,#3435,.T.);
#2763=EDGE_CURVE('',#3428,#3325,#3436,.T.);
#2764=EDGE_CURVE('',#3401,#3325,#3437,.T.);
#2765=EDGE_CURVE('',#3324,#3399,#3438,.T.);
#2766=EDGE_CURVE('',#3374,#3366,#3439,.T.);
#2767=EDGE_CURVE('',#3072,#3440,#3441,.T.);
#2768=EDGE_CURVE('',#3442,#3440,#3443,.T.);
#2769=EDGE_CURVE('',#3068,#3442,#3444,.T.);
#2770=EDGE_CURVE('',#3445,#3442,#3446,.T.);
#2771=EDGE_CURVE('',#3067,#3445,#3447,.T.);
#2772=EDGE_CURVE('',#3448,#3445,#3449,.T.);
#2773=EDGE_CURVE('',#3070,#3448,#3450,.T.);
#2774=EDGE_CURVE('',#3440,#3448,#3451,.T.);
#2775=EDGE_CURVE('',#3452,#3453,#3454,.T.);
#2776=EDGE_CURVE('',#3453,#3455,#3456,.T.);
#2777=EDGE_CURVE('',#3457,#3455,#3458,.T.);
#2778=EDGE_CURVE('',#3452,#3457,#3459,.T.);
#2779=EDGE_CURVE('',#3460,#3461,#3462,.T.);
#2780=EDGE_CURVE('',#3461,#3463,#3464,.T.);
#2781=EDGE_CURVE('',#3463,#3465,#3466,.T.);
#2782=EDGE_CURVE('',#3465,#3467,#3468,.T.);
#2783=EDGE_CURVE('',#3467,#3469,#3470,.T.);
#2784=EDGE_CURVE('',#3469,#3460,#3471,.T.);
#2785=EDGE_CURVE('',#3472,#3473,#3474,.T.);
#2786=EDGE_CURVE('',#3473,#3475,#3476,.T.);
#2787=EDGE_CURVE('',#3477,#3475,#3478,.T.);
#2788=EDGE_CURVE('',#3472,#3477,#3479,.T.);
#2789=EDGE_CURVE('',#3084,#3460,#3480,.T.);
#2790=EDGE_CURVE('',#3076,#3469,#3481,.T.);
#2791=EDGE_CURVE('',#3075,#3467,#3482,.T.);
#2792=EDGE_CURVE('',#3078,#3465,#3483,.T.);
#2793=EDGE_CURVE('',#3080,#3463,#3484,.T.);
#2794=EDGE_CURVE('',#3082,#3461,#3485,.T.);
#2795=EDGE_CURVE('',#3452,#3486,#3487,.T.);
#2796=EDGE_CURVE('',#3488,#3457,#3489,.T.);
#2797=EDGE_CURVE('',#3488,#3486,#3490,.T.);
#2798=EDGE_CURVE('',#3472,#3491,#3492,.T.);
#2799=EDGE_CURVE('',#3493,#3477,#3494,.T.);
#2800=EDGE_CURVE('',#3493,#3491,#3495,.T.);
#2801=EDGE_CURVE('',#3496,#3497,#3498,.T.);
#2802=EDGE_CURVE('',#2972,#3496,#3499,.T.);
#2803=EDGE_CURVE('',#3500,#2977,#3501,.T.);
#2804=EDGE_CURVE('',#3502,#3500,#3503,.T.);
#2805=EDGE_CURVE('',#3502,#3497,#3504,.T.);
#2806=EDGE_CURVE('',#3505,#3506,#3507,.T.);
#2807=EDGE_CURVE('',#3508,#3505,#3509,.T.);
#2808=EDGE_CURVE('',#2980,#3508,#3510,.T.);
#2809=EDGE_CURVE('',#3511,#2985,#3512,.T.);
#2810=EDGE_CURVE('',#3513,#3511,#3514,.T.);
#2811=EDGE_CURVE('',#3515,#3513,#3516,.T.);
#2812=EDGE_CURVE('',#3515,#3506,#3517,.T.);
#2813=EDGE_CURVE('',#3518,#3488,#3519,.T.);
#2814=EDGE_CURVE('',#3518,#3520,#3521,.T.);
#2815=EDGE_CURVE('',#3520,#3486,#3522,.T.);
#2816=EDGE_CURVE('',#3523,#3520,#3524,.T.);
#2817=EDGE_CURVE('',#3523,#3525,#3526,.T.);
#2818=EDGE_CURVE('',#3525,#3486,#3527,.T.);
#2819=EDGE_CURVE('',#3528,#2983,#3529,.T.);
#2820=EDGE_CURVE('',#3511,#3528,#3530,.T.);
#2821=EDGE_CURVE('',#3453,#3525,#3531,.T.);
#2822=EDGE_CURVE('',#3532,#3528,#3533,.T.);
#2823=EDGE_CURVE('',#3513,#3532,#3534,.T.);
#2824=EDGE_CURVE('',#3535,#3532,#3536,.T.);
#2825=EDGE_CURVE('',#3535,#3515,#3537,.T.);
#2826=EDGE_CURVE('',#3535,#3538,#3539,.T.);
#2827=EDGE_CURVE('',#3538,#3540,#3541,.T.);
#2828=EDGE_CURVE('',#3540,#3515,#3542,.T.);
#2829=EDGE_CURVE('',#3540,#3543,#3544,.T.);
#2830=EDGE_CURVE('',#3543,#3506,#3545,.T.);
#2831=EDGE_CURVE('',#3546,#3543,#3547,.T.);
#2832=EDGE_CURVE('',#3546,#3548,#3549,.T.);
#2833=EDGE_CURVE('',#3548,#3506,#3550,.T.);
#2834=EDGE_CURVE('',#3551,#3548,#3552,.T.);
#2835=EDGE_CURVE('',#3505,#3551,#3553,.T.);
#2836=EDGE_CURVE('',#3554,#3551,#3555,.T.);
#2837=EDGE_CURVE('',#3508,#3554,#3556,.T.);
#2838=EDGE_CURVE('',#2981,#3554,#3557,.T.);
#2839=EDGE_CURVE('',#3558,#3455,#3559,.T.);
#2840=EDGE_CURVE('',#3558,#3488,#3560,.T.);
#2841=EDGE_CURVE('',#3525,#3558,#3561,.T.);
#2842=EDGE_CURVE('',#3562,#3475,#3563,.T.);
#2843=EDGE_CURVE('',#3473,#3564,#3565,.T.);
#2844=EDGE_CURVE('',#3564,#3562,#3566,.T.);
#2845=EDGE_CURVE('',#3567,#3568,#3569,.T.);
#2846=EDGE_CURVE('',#3568,#2975,#3570,.T.);
#2847=EDGE_CURVE('',#2973,#3571,#3572,.T.);
#2848=EDGE_CURVE('',#3571,#3573,#3574,.T.);
#2849=EDGE_CURVE('',#3573,#3567,#3575,.T.);
#2850=EDGE_CURVE('',#3548,#3535,#3576,.T.);
#2851=EDGE_CURVE('',#3558,#3577,#3578,.T.);
#2852=EDGE_CURVE('',#3523,#3577,#3579,.T.);
#2853=EDGE_CURVE('',#3577,#3518,#3580,.T.);
#2854=EDGE_CURVE('',#3581,#3562,#3582,.T.);
#2855=EDGE_CURVE('',#3583,#3564,#3584,.T.);
#2856=EDGE_CURVE('',#3583,#3581,#3585,.T.);
#2857=EDGE_CURVE('',#3583,#3586,#3587,.T.);
#2858=EDGE_CURVE('',#3588,#3586,#3589,.T.);
#2859=EDGE_CURVE('',#3581,#3588,#3590,.T.);
#2860=EDGE_CURVE('',#3588,#3493,#3591,.T.);
#2861=EDGE_CURVE('',#3562,#3493,#3592,.T.);
#2862=EDGE_CURVE('',#3586,#3491,#3593,.T.);
#2863=EDGE_CURVE('',#3564,#3491,#3594,.T.);
#2864=EDGE_CURVE('',#3567,#3595,#3596,.T.);
#2865=EDGE_CURVE('',#3597,#3573,#3598,.T.);
#2866=EDGE_CURVE('',#3597,#3595,#3599,.T.);
#2867=EDGE_CURVE('',#3597,#3600,#3601,.T.);
#2868=EDGE_CURVE('',#3602,#3600,#3603,.T.);
#2869=EDGE_CURVE('',#3595,#3602,#3604,.T.);
#2870=EDGE_CURVE('',#3602,#3502,#3605,.T.);
#2871=EDGE_CURVE('',#3567,#3502,#3606,.T.);
#2872=EDGE_CURVE('',#3500,#3568,#3607,.T.);
#2873=EDGE_CURVE('',#3600,#3497,#3608,.T.);
#2874=EDGE_CURVE('',#3573,#3497,#3609,.T.);
#2875=EDGE_CURVE('',#3496,#3571,#3610,.T.);
#2876=EDGE_CURVE('',#3546,#3538,#3611,.T.);
#2877=EDGE_CURVE('',#3009,#3612,#3613,.T.);
#2878=EDGE_CURVE('',#3612,#2999,#3614,.T.);
#2879=EDGE_CURVE('',#3004,#3612,#3615,.T.);
#2880=CARTESIAN_POINT('',(-7.5,-5.0,-4.2));
#2881=DIRECTION('',(0.0,-1.0,0.0));
#2882=DIRECTION('',(0.0,0.0,-1.0));
#2883=CARTESIAN_POINT('',(-7.5,-5.0,-4.2));
#2884=DIRECTION('',(0.0,-1.0,0.0));
#2885=DIRECTION('',(0.0,0.0,1.0));
#2886=CARTESIAN_POINT('',(-13.0,-5.0,-4.2));
#2887=DIRECTION('',(0.0,-1.0,0.0));
#2888=DIRECTION('',(0.0,0.0,-1.0));
#2889=CARTESIAN_POINT('',(-13.0,-5.0,-4.2));
#2890=DIRECTION('',(0.0,-1.0,0.0));
#2891=DIRECTION('',(0.0,0.0,1.0));
#2892=CARTESIAN_POINT('',(-7.5,-5.0,0.0));
#2893=DIRECTION('',(0.0,-1.0,0.0));
#2894=DIRECTION('',(0.0,0.0,-1.0));
#2895=CARTESIAN_POINT('',(-7.5,-5.0,0.0));
#2896=DIRECTION('',(0.0,-1.0,0.0));
#2897=DIRECTION('',(0.0,0.0,1.0));
#2898=CARTESIAN_POINT('',(-13.0,-5.0,0.0));
#2899=DIRECTION('',(0.0,-1.0,0.0));
#2900=DIRECTION('',(0.0,0.0,-1.0));
#2901=CARTESIAN_POINT('',(-13.0,-5.0,0.0));
#2902=DIRECTION('',(0.0,-1.0,0.0));
#2903=DIRECTION('',(0.0,0.0,1.0));
#2904=CARTESIAN_POINT('',(-7.5,-5.0,4.2));
#2905=DIRECTION('',(0.0,-1.0,0.0));
#2906=DIRECTION('',(0.0,0.0,-1.0));
#2907=CARTESIAN_POINT('',(-7.5,-5.0,4.2));
#2908=DIRECTION('',(0.0,-1.0,0.0));
#2909=DIRECTION('',(0.0,0.0,1.0));
#2910=CARTESIAN_POINT('',(-13.0,-5.0,4.2));
#2911=DIRECTION('',(0.0,-1.0,0.0));
#2912=DIRECTION('',(0.0,0.0,-1.0));
#2913=CARTESIAN_POINT('',(-13.0,-5.0,4.2));
#2914=DIRECTION('',(0.0,-1.0,0.0));
#2915=DIRECTION('',(0.0,0.0,1.0));
#2916=VERTEX_POINT('',#3616);
#2917=VERTEX_POINT('',#3617);
#2918=LINE('',#3618,#3619);
#2919=VERTEX_POINT('',#3620);
#2920=CIRCLE('',#3621,0.4);
#2921=VERTEX_POINT('',#3622);
#2922=LINE('',#3623,#3624);
#2923=CIRCLE('',#3625,0.4);
#2924=VERTEX_POINT('',#3626);
#2925=VERTEX_POINT('',#3627);
#2926=LINE('',#3628,#3629);
#2927=VERTEX_POINT('',#3630);
#2928=LINE('',#3631,#3632);
#2929=VERTEX_POINT('',#3633);
#2930=LINE('',#3634,#3635);
#2931=VERTEX_POINT('',#3636);
#2932=LINE('',#3637,#3638);
#2933=VERTEX_POINT('',#3639);
#2934=LINE('',#3640,#3641);
#2935=VERTEX_POINT('',#3642);
#2936=LINE('',#3643,#3644);
#2937=VERTEX_POINT('',#3645);
#2938=LINE('',#3646,#3647);
#2939=LINE('',#3648,#3649);
#2940=VERTEX_POINT('',#3650);
#2941=VERTEX_POINT('',#3651);
#2942=LINE('',#3652,#3653);
#2943=VERTEX_POINT('',#3654);
#2944=LINE('',#3655,#3656);
#2945=VERTEX_POINT('',#3657);
#2946=LINE('',#3658,#3659);
#2947=LINE('',#3660,#3661);
#2948=VERTEX_POINT('',#3662);
#2949=VERTEX_POINT('',#3663);
#2950=LINE('',#3664,#3665);
#2951=VERTEX_POINT('',#3666);
#2952=LINE('',#3667,#3668);
#2953=VERTEX_POINT('',#3669);
#2954=LINE('',#3670,#3671);
#2955=LINE('',#3672,#3673);
#2956=VERTEX_POINT('',#3674);
#2957=VERTEX_POINT('',#3675);
#2958=LINE('',#3676,#3677);
#2959=VERTEX_POINT('',#3678);
#2960=LINE('',#3679,#3680);
#2961=VERTEX_POINT('',#3681);
#2962=LINE('',#3682,#3683);
#2963=LINE('',#3684,#3685);
#2964=VERTEX_POINT('',#3686);
#2965=VERTEX_POINT('',#3687);
#2966=LINE('',#3688,#3689);
#2967=VERTEX_POINT('',#3690);
#2968=LINE('',#3691,#3692);
#2969=VERTEX_POINT('',#3693);
#2970=LINE('',#3694,#3695);
#2971=LINE('',#3696,#3697);
#2972=VERTEX_POINT('',#3698);
#2973=VERTEX_POINT('',#3699);
#2974=LINE('',#3700,#3701);
#2975=VERTEX_POINT('',#3702);
#2976=LINE('',#3703,#3704);
#2977=VERTEX_POINT('',#3705);
#2978=LINE('',#3706,#3707);
#2979=LINE('',#3708,#3709);
#2980=VERTEX_POINT('',#3710);
#2981=VERTEX_POINT('',#3711);
#2982=LINE('',#3712,#3713);
#2983=VERTEX_POINT('',#3714);
#2984=LINE('',#3715,#3716);
#2985=VERTEX_POINT('',#3717);
#2986=LINE('',#3718,#3719);
#2987=LINE('',#3720,#3721);
#2988=VERTEX_POINT('',#3722);
#2989=LINE('',#3723,#3724);
#2990=VERTEX_POINT('',#3725);
#2991=LINE('',#3726,#3727);
#2992=LINE('',#3728,#3729);
#2993=VERTEX_POINT('',#3730);
#2994=VERTEX_POINT('',#3731);
#2995=LINE('',#3732,#3733);
#2996=LINE('',#3734,#3735);
#2997=VERTEX_POINT('',#3736);
#2998=LINE('',#3737,#3738);
#2999=VERTEX_POINT('',#3739);
#3000=LINE('',#3740,#3741);
#3001=VERTEX_POINT('',#3742);
#3002=LINE('',#3743,#3744);
#3003=LINE('',#3745,#3746);
#3004=VERTEX_POINT('',#3747);
#3005=LINE('',#3748,#3749);
#3006=VERTEX_POINT('',#3750);
#3007=LINE('',#3751,#3752);
#3008=LINE('',#3753,#3754);
#3009=VERTEX_POINT('',#3755);
#3010=LINE('',#3756,#3757);
#3011=LINE('',#3758,#3759);
#3012=LINE('',#3760,#3761);
#3013=VERTEX_POINT('',#3762);
#3014=LINE('',#3763,#3764);
#3015=VERTEX_POINT('',#3765);
#3016=LINE('',#3766,#3767);
#3017=VERTEX_POINT('',#3768);
#3018=LINE('',#3769,#3770);
#3019=VERTEX_POINT('',#3771);
#3020=LINE('',#3772,#3773);
#3021=VERTEX_POINT('',#3774);
#3022=LINE('',#3775,#3776);
#3023=VERTEX_POINT('',#3777);
#3024=LINE('',#3778,#3779);
#3025=CIRCLE('',#3780,0.4);
#3026=LINE('',#3781,#3782);
#3027=VERTEX_POINT('',#3783);
#3028=VERTEX_POINT('',#3784);
#3029=LINE('',#3785,#3786);
#3030=VERTEX_POINT('',#3787);
#3031=LINE('',#3788,#3789);
#3032=VERTEX_POINT('',#3790);
#3033=LINE('',#3791,#3792);
#3034=VERTEX_POINT('',#3793);
#3035=LINE('',#3794,#3795);
#3036=VERTEX_POINT('',#3796);
#3037=LINE('',#3797,#3798);
#3038=LINE('',#3799,#3800);
#3039=VERTEX_POINT('',#3801);
#3040=VERTEX_POINT('',#3802);
#3041=LINE('',#3803,#3804);
#3042=VERTEX_POINT('',#3805);
#3043=LINE('',#3806,#3807);
#3044=VERTEX_POINT('',#3808);
#3045=LINE('',#3809,#3810);
#3046=LINE('',#3811,#3812);
#3047=VERTEX_POINT('',#3813);
#3048=VERTEX_POINT('',#3814);
#3049=LINE('',#3815,#3816);
#3050=VERTEX_POINT('',#3817);
#3051=LINE('',#3818,#3819);
#3052=VERTEX_POINT('',#3820);
#3053=LINE('',#3821,#3822);
#3054=LINE('',#3823,#3824);
#3055=VERTEX_POINT('',#3825);
#3056=VERTEX_POINT('',#3826);
#3057=LINE('',#3827,#3828);
#3058=VERTEX_POINT('',#3829);
#3059=LINE('',#3830,#3831);
#3060=VERTEX_POINT('',#3832);
#3061=LINE('',#3833,#3834);
#3062=VERTEX_POINT('',#3835);
#3063=LINE('',#3836,#3837);
#3064=VERTEX_POINT('',#3838);
#3065=LINE('',#3839,#3840);
#3066=LINE('',#3841,#3842);
#3067=VERTEX_POINT('',#3843);
#3068=VERTEX_POINT('',#3844);
#3069=LINE('',#3845,#3846);
#3070=VERTEX_POINT('',#3847);
#3071=LINE('',#3848,#3849);
#3072=VERTEX_POINT('',#3850);
#3073=LINE('',#3851,#3852);
#3074=LINE('',#3853,#3854);
#3075=VERTEX_POINT('',#3855);
#3076=VERTEX_POINT('',#3856);
#3077=LINE('',#3857,#3858);
#3078=VERTEX_POINT('',#3859);
#3079=LINE('',#3860,#3861);
#3080=VERTEX_POINT('',#3862);
#3081=LINE('',#3863,#3864);
#3082=VERTEX_POINT('',#3865);
#3083=LINE('',#3866,#3867);
#3084=VERTEX_POINT('',#3868);
#3085=LINE('',#3869,#3870);
#3086=LINE('',#3871,#3872);
#3087=VERTEX_POINT('',#3873);
#3088=LINE('',#3874,#3875);
#3089=LINE('',#3876,#3877);
#3090=LINE('',#3878,#3879);
#3091=CIRCLE('',#3880,0.4);
#3092=LINE('',#3881,#3882);
#3093=LINE('',#3883,#3884);
#3094=LINE('',#3885,#3886);
#3095=LINE('',#3887,#3888);
#3096=VERTEX_POINT('',#3889);
#3097=LINE('',#3890,#3891);
#3098=VERTEX_POINT('',#3892);
#3099=LINE('',#3893,#3894);
#3100=LINE('',#3895,#3896);
#3101=VERTEX_POINT('',#3897);
#3102=LINE('',#3898,#3899);
#3103=LINE('',#3900,#3901);
#3104=VERTEX_POINT('',#3902);
#3105=LINE('',#3903,#3904);
#3106=LINE('',#3905,#3906);
#3107=VERTEX_POINT('',#3907);
#3108=LINE('',#3908,#3909);
#3109=LINE('',#3910,#3911);
#3110=VERTEX_POINT('',#3912);
#3111=LINE('',#3913,#3914);
#3112=LINE('',#3915,#3916);
#3113=LINE('',#3917,#3918);
#3114=VERTEX_POINT('',#3919);
#3115=VERTEX_POINT('',#3920);
#3116=LINE('',#3921,#3922);
#3117=VERTEX_POINT('',#3923);
#3118=LINE('',#3924,#3925);
#3119=VERTEX_POINT('',#3926);
#3120=LINE('',#3927,#3928);
#3121=LINE('',#3929,#3930);
#3122=VERTEX_POINT('',#3931);
#3123=VERTEX_POINT('',#3932);
#3124=LINE('',#3933,#3934);
#3125=VERTEX_POINT('',#3935);
#3126=LINE('',#3936,#3937);
#3127=VERTEX_POINT('',#3938);
#3128=LINE('',#3939,#3940);
#3129=LINE('',#3941,#3942);
#3130=VERTEX_POINT('',#3943);
#3131=VERTEX_POINT('',#3944);
#3132=LINE('',#3945,#3946);
#3133=VERTEX_POINT('',#3947);
#3134=LINE('',#3948,#3949);
#3135=VERTEX_POINT('',#3950);
#3136=LINE('',#3951,#3952);
#3137=LINE('',#3953,#3954);
#3138=LINE('',#3955,#3956);
#3139=LINE('',#3957,#3958);
#3140=LINE('',#3959,#3960);
#3141=LINE('',#3961,#3962);
#3142=VERTEX_POINT('',#3963);
#3143=LINE('',#3964,#3965);
#3144=VERTEX_POINT('',#3966);
#3145=LINE('',#3967,#3968);
#3146=LINE('',#3969,#3970);
#3147=VERTEX_POINT('',#3971);
#3148=LINE('',#3972,#3973);
#3149=VERTEX_POINT('',#3974);
#3150=LINE('',#3975,#3976);
#3151=LINE('',#3977,#3978);
#3152=VERTEX_POINT('',#3979);
#3153=VERTEX_POINT('',#3980);
#3154=LINE('',#3981,#3982);
#3155=CIRCLE('',#3983,1.75);
#3156=VERTEX_POINT('',#3984);
#3157=CIRCLE('',#3985,0.68);
#3158=VERTEX_POINT('',#3986);
#3159=LINE('',#3987,#3988);
#3160=LINE('',#3989,#3990);
#3161=VERTEX_POINT('',#3991);
#3162=VERTEX_POINT('',#3992);
#3163=LINE('',#3993,#3994);
#3164=VERTEX_POINT('',#3995);
#3165=CIRCLE('',#3996,1.75);
#3166=LINE('',#3997,#3998);
#3167=VERTEX_POINT('',#3999);
#3168=LINE('',#4000,#4001);
#3169=VERTEX_POINT('',#4002);
#3170=CIRCLE('',#4003,0.68);
#3171=VERTEX_POINT('',#4004);
#3172=LINE('',#4005,#4006);
#3173=LINE('',#4007,#4008);
#3174=VERTEX_POINT('',#4009);
#3175=LINE('',#4010,#4011);
#3176=VERTEX_POINT('',#4012);
#3177=LINE('',#4013,#4014);
#3178=LINE('',#4015,#4016);
#3179=VERTEX_POINT('',#4017);
#3180=LINE('',#4018,#4019);
#3181=VERTEX_POINT('',#4020);
#3182=LINE('',#4021,#4022);
#3183=LINE('',#4023,#4024);
#3184=VERTEX_POINT('',#4025);
#3185=LINE('',#4026,#4027);
#3186=LINE('',#4028,#4029);
#3187=LINE('',#4030,#4031);
#3188=VERTEX_POINT('',#4032);
#3189=CIRCLE('',#4033,0.68);
#3190=LINE('',#4034,#4035);
#3191=VERTEX_POINT('',#4036);
#3192=LINE('',#4037,#4038);
#3193=LINE('',#4039,#4040);
#3194=VERTEX_POINT('',#4041);
#3195=LINE('',#4042,#4043);
#3196=VERTEX_POINT('',#4044);
#3197=LINE('',#4045,#4046);
#3198=LINE('',#4047,#4048);
#3199=VERTEX_POINT('',#4049);
#3200=LINE('',#4050,#4051);
#3201=LINE('',#4052,#4053);
#3202=VERTEX_POINT('',#4054);
#3203=LINE('',#4055,#4056);
#3204=VERTEX_POINT('',#4057);
#3205=LINE('',#4058,#4059);
#3206=LINE('',#4060,#4061);
#3207=VERTEX_POINT('',#4062);
#3208=LINE('',#4063,#4064);
#3209=LINE('',#4065,#4066);
#3210=VERTEX_POINT('',#4067);
#3211=CIRCLE('',#4068,1.75);
#3212=LINE('',#4069,#4070);
#3213=LINE('',#4071,#4072);
#3214=VERTEX_POINT('',#4073);
#3215=LINE('',#4074,#4075);
#3216=LINE('',#4076,#4077);
#3217=LINE('',#4078,#4079);
#3218=VERTEX_POINT('',#4080);
#3219=LINE('',#4081,#4082);
#3220=VERTEX_POINT('',#4083);
#3221=LINE('',#4084,#4085);
#3222=LINE('',#4086,#4087);
#3223=VERTEX_POINT('',#4088);
#3224=VERTEX_POINT('',#4089);
#3225=LINE('',#4090,#4091);
#3226=CIRCLE('',#4092,0.68);
#3227=VERTEX_POINT('',#4093);
#3228=CIRCLE('',#4094,1.75);
#3229=VERTEX_POINT('',#4095);
#3230=LINE('',#4096,#4097);
#3231=LINE('',#4098,#4099);
#3232=LINE('',#4100,#4101);
#3233=VERTEX_POINT('',#4102);
#3234=LINE('',#4103,#4104);
#3235=LINE('',#4105,#4106);
#3236=LINE('',#4107,#4108);
#3237=VERTEX_POINT('',#4109);
#3238=LINE('',#4110,#4111);
#3239=VERTEX_POINT('',#4112);
#3240=LINE('',#4113,#4114);
#3241=LINE('',#4115,#4116);
#3242=VERTEX_POINT('',#4117);
#3243=LINE('',#4118,#4119);
#3244=VERTEX_POINT('',#4120);
#3245=LINE('',#4121,#4122);
#3246=LINE('',#4123,#4124);
#3247=LINE('',#4125,#4126);
#3248=LINE('',#4127,#4128);
#3249=LINE('',#4129,#4130);
#3250=LINE('',#4131,#4132);
#3251=VERTEX_POINT('',#4133);
#3252=LINE('',#4134,#4135);
#3253=VERTEX_POINT('',#4136);
#3254=LINE('',#4137,#4138);
#3255=LINE('',#4139,#4140);
#3256=VERTEX_POINT('',#4141);
#3257=LINE('',#4142,#4143);
#3258=VERTEX_POINT('',#4144);
#3259=LINE('',#4145,#4146);
#3260=LINE('',#4147,#4148);
#3261=LINE('',#4149,#4150);
#3262=LINE('',#4151,#4152);
#3263=LINE('',#4153,#4154);
#3264=LINE('',#4155,#4156);
#3265=LINE('',#4157,#4158);
#3266=LINE('',#4159,#4160);
#3267=LINE('',#4161,#4162);
#3268=VERTEX_POINT('',#4163);
#3269=LINE('',#4164,#4165);
#3270=VERTEX_POINT('',#4166);
#3271=LINE('',#4167,#4168);
#3272=LINE('',#4169,#4170);
#3273=VERTEX_POINT('',#4171);
#3274=LINE('',#4172,#4173);
#3275=LINE('',#4174,#4175);
#3276=VERTEX_POINT('',#4176);
#3277=LINE('',#4177,#4178);
#3278=LINE('',#4179,#4180);
#3279=LINE('',#4181,#4182);
#3280=VERTEX_POINT('',#4183);
#3281=VERTEX_POINT('',#4184);
#3282=LINE('',#4185,#4186);
#3283=VERTEX_POINT('',#4187);
#3284=LINE('',#4188,#4189);
#3285=VERTEX_POINT('',#4190);
#3286=LINE('',#4191,#4192);
#3287=LINE('',#4193,#4194);
#3288=VERTEX_POINT('',#4195);
#3289=VERTEX_POINT('',#4196);
#3290=LINE('',#4197,#4198);
#3291=VERTEX_POINT('',#4199);
#3292=LINE('',#4200,#4201);
#3293=VERTEX_POINT('',#4202);
#3294=LINE('',#4203,#4204);
#3295=VERTEX_POINT('',#4205);
#3296=LINE('',#4206,#4207);
#3297=VERTEX_POINT('',#4208);
#3298=LINE('',#4209,#4210);
#3299=LINE('',#4211,#4212);
#3300=VERTEX_POINT('',#4213);
#3301=VERTEX_POINT('',#4214);
#3302=LINE('',#4215,#4216);
#3303=VERTEX_POINT('',#4217);
#3304=LINE('',#4218,#4219);
#3305=VERTEX_POINT('',#4220);
#3306=LINE('',#4221,#4222);
#3307=LINE('',#4223,#4224);
#3308=LINE('',#4225,#4226);
#3309=LINE('',#4227,#4228);
#3310=LINE('',#4229,#4230);
#3311=LINE('',#4231,#4232);
#3312=LINE('',#4233,#4234);
#3313=LINE('',#4235,#4236);
#3314=VERTEX_POINT('',#4237);
#3315=LINE('',#4238,#4239);
#3316=VERTEX_POINT('',#4240);
#3317=LINE('',#4241,#4242);
#3318=LINE('',#4243,#4244);
#3319=VERTEX_POINT('',#4245);
#3320=LINE('',#4246,#4247);
#3321=VERTEX_POINT('',#4248);
#3322=LINE('',#4249,#4250);
#3323=LINE('',#4251,#4252);
#3324=VERTEX_POINT('',#4253);
#3325=VERTEX_POINT('',#4254);
#3326=LINE('',#4255,#4256);
#3327=CIRCLE('',#4257,1.75);
#3328=VERTEX_POINT('',#4258);
#3329=CIRCLE('',#4259,0.68);
#3330=VERTEX_POINT('',#4260);
#3331=LINE('',#4261,#4262);
#3332=LINE('',#4263,#4264);
#3333=VERTEX_POINT('',#4265);
#3334=VERTEX_POINT('',#4266);
#3335=LINE('',#4267,#4268);
#3336=VERTEX_POINT('',#4269);
#3337=CIRCLE('',#4270,1.75);
#3338=LINE('',#4271,#4272);
#3339=VERTEX_POINT('',#4273);
#3340=LINE('',#4274,#4275);
#3341=VERTEX_POINT('',#4276);
#3342=CIRCLE('',#4277,0.68);
#3343=VERTEX_POINT('',#4278);
#3344=LINE('',#4279,#4280);
#3345=LINE('',#4281,#4282);
#3346=VERTEX_POINT('',#4283);
#3347=LINE('',#4284,#4285);
#3348=VERTEX_POINT('',#4286);
#3349=LINE('',#4287,#4288);
#3350=LINE('',#4289,#4290);
#3351=VERTEX_POINT('',#4291);
#3352=LINE('',#4292,#4293);
#3353=VERTEX_POINT('',#4294);
#3354=LINE('',#4295,#4296);
#3355=LINE('',#4297,#4298);
#3356=VERTEX_POINT('',#4299);
#3357=LINE('',#4300,#4301);
#3358=LINE('',#4302,#4303);
#3359=LINE('',#4304,#4305);
#3360=VERTEX_POINT('',#4306);
#3361=CIRCLE('',#4307,0.68);
#3362=LINE('',#4308,#4309);
#3363=VERTEX_POINT('',#4310);
#3364=LINE('',#4311,#4312);
#3365=LINE('',#4313,#4314);
#3366=VERTEX_POINT('',#4315);
#3367=LINE('',#4316,#4317);
#3368=VERTEX_POINT('',#4318);
#3369=LINE('',#4319,#4320);
#3370=LINE('',#4321,#4322);
#3371=VERTEX_POINT('',#4323);
#3372=LINE('',#4324,#4325);
#3373=LINE('',#4326,#4327);
#3374=VERTEX_POINT('',#4328);
#3375=LINE('',#4329,#4330);
#3376=VERTEX_POINT('',#4331);
#3377=LINE('',#4332,#4333);
#3378=LINE('',#4334,#4335);
#3379=VERTEX_POINT('',#4336);
#3380=LINE('',#4337,#4338);
#3381=LINE('',#4339,#4340);
#3382=VERTEX_POINT('',#4341);
#3383=CIRCLE('',#4342,1.75);
#3384=LINE('',#4343,#4344);
#3385=LINE('',#4345,#4346);
#3386=VERTEX_POINT('',#4347);
#3387=LINE('',#4348,#4349);
#3388=LINE('',#4350,#4351);
#3389=LINE('',#4352,#4353);
#3390=VERTEX_POINT('',#4354);
#3391=LINE('',#4355,#4356);
#3392=VERTEX_POINT('',#4357);
#3393=LINE('',#4358,#4359);
#3394=LINE('',#4360,#4361);
#3395=VERTEX_POINT('',#4362);
#3396=VERTEX_POINT('',#4363);
#3397=LINE('',#4364,#4365);
#3398=CIRCLE('',#4366,0.68);
#3399=VERTEX_POINT('',#4367);
#3400=CIRCLE('',#4368,1.75);
#3401=VERTEX_POINT('',#4369);
#3402=LINE('',#4370,#4371);
#3403=LINE('',#4372,#4373);
#3404=LINE('',#4374,#4375);
#3405=VERTEX_POINT('',#4376);
#3406=LINE('',#4377,#4378);
#3407=LINE('',#4379,#4380);
#3408=LINE('',#4381,#4382);
#3409=VERTEX_POINT('',#4383);
#3410=LINE('',#4384,#4385);
#3411=VERTEX_POINT('',#4386);
#3412=LINE('',#4387,#4388);
#3413=LINE('',#4389,#4390);
#3414=VERTEX_POINT('',#4391);
#3415=LINE('',#4392,#4393);
#3416=VERTEX_POINT('',#4394);
#3417=LINE('',#4395,#4396);
#3418=LINE('',#4397,#4398);
#3419=LINE('',#4399,#4400);
#3420=LINE('',#4401,#4402);
#3421=LINE('',#4403,#4404);
#3422=LINE('',#4405,#4406);
#3423=VERTEX_POINT('',#4407);
#3424=LINE('',#4408,#4409);
#3425=VERTEX_POINT('',#4410);
#3426=LINE('',#4411,#4412);
#3427=LINE('',#4413,#4414);
#3428=VERTEX_POINT('',#4415);
#3429=LINE('',#4416,#4417);
#3430=VERTEX_POINT('',#4418);
#3431=LINE('',#4419,#4420);
#3432=LINE('',#4421,#4422);
#3433=LINE('',#4423,#4424);
#3434=LINE('',#4425,#4426);
#3435=LINE('',#4427,#4428);
#3436=LINE('',#4429,#4430);
#3437=LINE('',#4431,#4432);
#3438=LINE('',#4433,#4434);
#3439=LINE('',#4435,#4436);
#3440=VERTEX_POINT('',#4437);
#3441=LINE('',#4438,#4439);
#3442=VERTEX_POINT('',#4440);
#3443=LINE('',#4441,#4442);
#3444=LINE('',#4443,#4444);
#3445=VERTEX_POINT('',#4445);
#3446=LINE('',#4446,#4447);
#3447=LINE('',#4448,#4449);
#3448=VERTEX_POINT('',#4450);
#3449=LINE('',#4451,#4452);
#3450=LINE('',#4453,#4454);
#3451=LINE('',#4455,#4456);
#3452=VERTEX_POINT('',#4457);
#3453=VERTEX_POINT('',#4458);
#3454=LINE('',#4459,#4460);
#3455=VERTEX_POINT('',#4461);
#3456=LINE('',#4462,#4463);
#3457=VERTEX_POINT('',#4464);
#3458=LINE('',#4465,#4466);
#3459=LINE('',#4467,#4468);
#3460=VERTEX_POINT('',#4469);
#3461=VERTEX_POINT('',#4470);
#3462=LINE('',#4471,#4472);
#3463=VERTEX_POINT('',#4473);
#3464=LINE('',#4474,#4475);
#3465=VERTEX_POINT('',#4476);
#3466=LINE('',#4477,#4478);
#3467=VERTEX_POINT('',#4479);
#3468=LINE('',#4480,#4481);
#3469=VERTEX_POINT('',#4482);
#3470=LINE('',#4483,#4484);
#3471=LINE('',#4485,#4486);
#3472=VERTEX_POINT('',#4487);
#3473=VERTEX_POINT('',#4488);
#3474=LINE('',#4489,#4490);
#3475=VERTEX_POINT('',#4491);
#3476=LINE('',#4492,#4493);
#3477=VERTEX_POINT('',#4494);
#3478=LINE('',#4495,#4496);
#3479=LINE('',#4497,#4498);
#3480=LINE('',#4499,#4500);
#3481=LINE('',#4501,#4502);
#3482=LINE('',#4503,#4504);
#3483=LINE('',#4505,#4506);
#3484=LINE('',#4507,#4508);
#3485=LINE('',#4509,#4510);
#3486=VERTEX_POINT('',#4511);
#3487=LINE('',#4512,#4513);
#3488=VERTEX_POINT('',#4514);
#3489=LINE('',#4515,#4516);
#3490=LINE('',#4517,#4518);
#3491=VERTEX_POINT('',#4519);
#3492=LINE('',#4520,#4521);
#3493=VERTEX_POINT('',#4522);
#3494=LINE('',#4523,#4524);
#3495=LINE('',#4525,#4526);
#3496=VERTEX_POINT('',#4527);
#3497=VERTEX_POINT('',#4528);
#3498=LINE('',#4529,#4530);
#3499=CIRCLE('',#4531,1.75);
#3500=VERTEX_POINT('',#4532);
#3501=CIRCLE('',#4533,0.68);
#3502=VERTEX_POINT('',#4534);
#3503=LINE('',#4535,#4536);
#3504=LINE('',#4537,#4538);
#3505=VERTEX_POINT('',#4539);
#3506=VERTEX_POINT('',#4540);
#3507=LINE('',#4541,#4542);
#3508=VERTEX_POINT('',#4543);
#3509=CIRCLE('',#4544,1.75);
#3510=LINE('',#4545,#4546);
#3511=VERTEX_POINT('',#4547);
#3512=LINE('',#4548,#4549);
#3513=VERTEX_POINT('',#4550);
#3514=CIRCLE('',#4551,0.68);
#3515=VERTEX_POINT('',#4552);
#3516=LINE('',#4553,#4554);
#3517=LINE('',#4555,#4556);
#3518=VERTEX_POINT('',#4557);
#3519=LINE('',#4558,#4559);
#3520=VERTEX_POINT('',#4560);
#3521=LINE('',#4561,#4562);
#3522=LINE('',#4563,#4564);
#3523=VERTEX_POINT('',#4565);
#3524=LINE('',#4566,#4567);
#3525=VERTEX_POINT('',#4568);
#3526=LINE('',#4569,#4570);
#3527=LINE('',#4571,#4572);
#3528=VERTEX_POINT('',#4573);
#3529=LINE('',#4574,#4575);
#3530=LINE('',#4576,#4577);
#3531=LINE('',#4578,#4579);
#3532=VERTEX_POINT('',#4580);
#3533=CIRCLE('',#4581,0.68);
#3534=LINE('',#4582,#4583);
#3535=VERTEX_POINT('',#4584);
#3536=LINE('',#4585,#4586);
#3537=LINE('',#4587,#4588);
#3538=VERTEX_POINT('',#4589);
#3539=LINE('',#4590,#4591);
#3540=VERTEX_POINT('',#4592);
#3541=LINE('',#4593,#4594);
#3542=LINE('',#4595,#4596);
#3543=VERTEX_POINT('',#4597);
#3544=LINE('',#4598,#4599);
#3545=LINE('',#4600,#4601);
#3546=VERTEX_POINT('',#4602);
#3547=LINE('',#4603,#4604);
#3548=VERTEX_POINT('',#4605);
#3549=LINE('',#4606,#4607);
#3550=LINE('',#4608,#4609);
#3551=VERTEX_POINT('',#4610);
#3552=LINE('',#4611,#4612);
#3553=LINE('',#4613,#4614);
#3554=VERTEX_POINT('',#4615);
#3555=CIRCLE('',#4616,1.75);
#3556=LINE('',#4617,#4618);
#3557=LINE('',#4619,#4620);
#3558=VERTEX_POINT('',#4621);
#3559=LINE('',#4622,#4623);
#3560=LINE('',#4624,#4625);
#3561=LINE('',#4626,#4627);
#3562=VERTEX_POINT('',#4628);
#3563=LINE('',#4629,#4630);
#3564=VERTEX_POINT('',#4631);
#3565=LINE('',#4632,#4633);
#3566=LINE('',#4634,#4635);
#3567=VERTEX_POINT('',#4636);
#3568=VERTEX_POINT('',#4637);
#3569=LINE('',#4638,#4639);
#3570=CIRCLE('',#4640,0.68);
#3571=VERTEX_POINT('',#4641);
#3572=CIRCLE('',#4642,1.75);
#3573=VERTEX_POINT('',#4643);
#3574=LINE('',#4644,#4645);
#3575=LINE('',#4646,#4647);
#3576=LINE('',#4648,#4649);
#3577=VERTEX_POINT('',#4650);
#3578=LINE('',#4651,#4652);
#3579=LINE('',#4653,#4654);
#3580=LINE('',#4655,#4656);
#3581=VERTEX_POINT('',#4657);
#3582=LINE('',#4658,#4659);
#3583=VERTEX_POINT('',#4660);
#3584=LINE('',#4661,#4662);
#3585=LINE('',#4663,#4664);
#3586=VERTEX_POINT('',#4665);
#3587=LINE('',#4666,#4667);
#3588=VERTEX_POINT('',#4668);
#3589=LINE('',#4669,#4670);
#3590=LINE('',#4671,#4672);
#3591=LINE('',#4673,#4674);
#3592=LINE('',#4675,#4676);
#3593=LINE('',#4677,#4678);
#3594=LINE('',#4679,#4680);
#3595=VERTEX_POINT('',#4681);
#3596=LINE('',#4682,#4683);
#3597=VERTEX_POINT('',#4684);
#3598=LINE('',#4685,#4686);
#3599=LINE('',#4687,#4688);
#3600=VERTEX_POINT('',#4689);
#3601=LINE('',#4690,#4691);
#3602=VERTEX_POINT('',#4692);
#3603=LINE('',#4693,#4694);
#3604=LINE('',#4695,#4696);
#3605=LINE('',#4697,#4698);
#3606=LINE('',#4699,#4700);
#3607=LINE('',#4701,#4702);
#3608=LINE('',#4703,#4704);
#3609=LINE('',#4705,#4706);
#3610=LINE('',#4707,#4708);
#3611=LINE('',#4709,#4710);
#3612=VERTEX_POINT('',#4711);
#3613=LINE('',#4712,#4713);
#3614=LINE('',#4714,#4715);
#3615=LINE('',#4716,#4717);
#3616=CARTESIAN_POINT('',(-5.9,-2.25,-7.3));
#3617=CARTESIAN_POINT('',(6.4,-2.25,-7.3));
#3618=CARTESIAN_POINT('',(6.4,-2.25,-7.3));
#3619=VECTOR('',#4718,1.0);
#3620=CARTESIAN_POINT('',(-5.9,-1.85,-6.9));
#3621=AXIS2_PLACEMENT_3D('',#4719,#4720,#4721);
#3622=CARTESIAN_POINT('',(6.4,-1.85,-6.9));
#3623=CARTESIAN_POINT('',(6.4,-1.85,-6.9));
#3624=VECTOR('',#4722,12.3);
#3625=AXIS2_PLACEMENT_3D('',#4723,#4724,#4725);
#3626=CARTESIAN_POINT('',(-6.4,5.0,-6.9));
#3627=CARTESIAN_POINT('',(-6.4,5.0,6.9));
#3628=CARTESIAN_POINT('',(-6.4,5.0,-6.9));
#3629=VECTOR('',#4726,13.8);
#3630=CARTESIAN_POINT('',(-6.4,-5.0,-6.9));
#3631=CARTESIAN_POINT('',(-6.4,-5.0,-6.9));
#3632=VECTOR('',#4727,10.0);
#3633=CARTESIAN_POINT('',(-6.4,-5.0,-5.15));
#3634=CARTESIAN_POINT('',(-6.4,-5.0,-5.15));
#3635=VECTOR('',#4728,1.75);
#3636=CARTESIAN_POINT('',(-6.4,-4.6,-5.15));
#3637=CARTESIAN_POINT('',(-6.4,-4.6,-5.15));
#3638=VECTOR('',#4729,0.4);
#3639=CARTESIAN_POINT('',(-6.4,-4.6,5.15));
#3640=CARTESIAN_POINT('',(-6.4,-4.6,5.15));
#3641=VECTOR('',#4730,10.3);
#3642=CARTESIAN_POINT('',(-6.4,-5.0,5.15));
#3643=CARTESIAN_POINT('',(-6.4,-5.0,5.15));
#3644=VECTOR('',#4731,0.4);
#3645=CARTESIAN_POINT('',(-6.4,-5.0,6.9));
#3646=CARTESIAN_POINT('',(-6.4,-5.0,6.9));
#3647=VECTOR('',#4732,1.75);
#3648=CARTESIAN_POINT('',(-6.4,5.0,6.9));
#3649=VECTOR('',#4733,10.0);
#3650=CARTESIAN_POINT('',(-6.4,-1.168782659575,-4.735));
#3651=CARTESIAN_POINT('',(-6.4,-1.168782659575,-3.665));
#3652=CARTESIAN_POINT('',(-6.4,-1.168782659575,-4.735));
#3653=VECTOR('',#4734,1.07);
#3654=CARTESIAN_POINT('',(-6.4,-2.24479480754,-3.665));
#3655=CARTESIAN_POINT('',(-6.4,-2.24479480754,-3.665));
#3656=VECTOR('',#4735,1.076012147965);
#3657=CARTESIAN_POINT('',(-6.4,-2.24479480754,-4.735));
#3658=CARTESIAN_POINT('',(-6.4,-2.24479480754,-4.735));
#3659=VECTOR('',#4736,1.07);
#3660=CARTESIAN_POINT('',(-6.4,-2.24479480754,-4.735));
#3661=VECTOR('',#4737,1.076012147965);
#3662=CARTESIAN_POINT('',(-6.4,3.035,-4.735));
#3663=CARTESIAN_POINT('',(-6.4,3.035,-3.665));
#3664=CARTESIAN_POINT('',(-6.4,3.035,-4.735));
#3665=VECTOR('',#4738,1.07);
#3666=CARTESIAN_POINT('',(-6.4,1.965,-3.665));
#3667=CARTESIAN_POINT('',(-6.4,1.965,-3.665));
#3668=VECTOR('',#4739,1.07);
#3669=CARTESIAN_POINT('',(-6.4,1.965,-4.735));
#3670=CARTESIAN_POINT('',(-6.4,1.965,-4.735));
#3671=VECTOR('',#4740,1.07);
#3672=CARTESIAN_POINT('',(-6.4,1.965,-4.735));
#3673=VECTOR('',#4741,1.07);
#3674=CARTESIAN_POINT('',(-6.4,-1.168782659575,-0.535));
#3675=CARTESIAN_POINT('',(-6.4,-1.168782659575,0.535));
#3676=CARTESIAN_POINT('',(-6.4,-1.168782659575,-0.535));
#3677=VECTOR('',#4742,1.07);
#3678=CARTESIAN_POINT('',(-6.4,-2.24479480754,0.535));
#3679=CARTESIAN_POINT('',(-6.4,-2.24479480754,0.535));
#3680=VECTOR('',#4743,1.076012147965);
#3681=CARTESIAN_POINT('',(-6.4,-2.24479480754,-0.535));
#3682=CARTESIAN_POINT('',(-6.4,-2.24479480754,-0.535));
#3683=VECTOR('',#4744,1.07);
#3684=CARTESIAN_POINT('',(-6.4,-2.24479480754,-0.535));
#3685=VECTOR('',#4745,1.076012147965);
#3686=CARTESIAN_POINT('',(-6.4,3.035,-0.535));
#3687=CARTESIAN_POINT('',(-6.4,3.035,0.535));
#3688=CARTESIAN_POINT('',(-6.4,3.035,-0.535));
#3689=VECTOR('',#4746,1.07);
#3690=CARTESIAN_POINT('',(-6.4,1.965,0.535));
#3691=CARTESIAN_POINT('',(-6.4,1.965,0.535));
#3692=VECTOR('',#4747,1.07);
#3693=CARTESIAN_POINT('',(-6.4,1.965,-0.535));
#3694=CARTESIAN_POINT('',(-6.4,1.965,-0.535));
#3695=VECTOR('',#4748,1.07);
#3696=CARTESIAN_POINT('',(-6.4,1.965,-0.535));
#3697=VECTOR('',#4749,1.07);
#3698=CARTESIAN_POINT('',(-6.4,-1.168782659575,3.665));
#3699=CARTESIAN_POINT('',(-6.4,-1.168782659575,4.735));
#3700=CARTESIAN_POINT('',(-6.4,-1.168782659575,3.665));
#3701=VECTOR('',#4750,1.07);
#3702=CARTESIAN_POINT('',(-6.4,-2.24479480754,4.735));
#3703=CARTESIAN_POINT('',(-6.4,-2.24479480754,4.735));
#3704=VECTOR('',#4751,1.076012147965);
#3705=CARTESIAN_POINT('',(-6.4,-2.24479480754,3.665));
#3706=CARTESIAN_POINT('',(-6.4,-2.24479480754,3.665));
#3707=VECTOR('',#4752,1.07);
#3708=CARTESIAN_POINT('',(-6.4,-2.24479480754,3.665));
#3709=VECTOR('',#4753,1.076012147965);
#3710=CARTESIAN_POINT('',(-6.4,3.035,3.665));
#3711=CARTESIAN_POINT('',(-6.4,3.035,4.735));
#3712=CARTESIAN_POINT('',(-6.4,3.035,3.665));
#3713=VECTOR('',#4754,1.07);
#3714=CARTESIAN_POINT('',(-6.4,1.965,4.735));
#3715=CARTESIAN_POINT('',(-6.4,1.965,4.735));
#3716=VECTOR('',#4755,1.07);
#3717=CARTESIAN_POINT('',(-6.4,1.965,3.665));
#3718=CARTESIAN_POINT('',(-6.4,1.965,3.665));
#3719=VECTOR('',#4756,1.07);
#3720=CARTESIAN_POINT('',(-6.4,1.965,3.665));
#3721=VECTOR('',#4757,1.07);
#3722=CARTESIAN_POINT('',(6.4,-5.0,6.9));
#3723=CARTESIAN_POINT('',(-6.4,-5.0,6.9));
#3724=VECTOR('',#4758,12.8);
#3725=CARTESIAN_POINT('',(6.4,5.0,6.9));
#3726=CARTESIAN_POINT('',(6.4,5.0,6.9));
#3727=VECTOR('',#4759,10.0);
#3728=CARTESIAN_POINT('',(-6.4,5.0,6.9));
#3729=VECTOR('',#4760,12.8);
#3730=CARTESIAN_POINT('',(6.4,5.0,-6.9));
#3731=CARTESIAN_POINT('',(6.4,5.0,-1.7));
#3732=CARTESIAN_POINT('',(6.4,5.0,-6.9));
#3733=VECTOR('',#4761,5.2);
#3734=CARTESIAN_POINT('',(-6.4,5.0,-6.9));
#3735=VECTOR('',#4762,12.8);
#3736=CARTESIAN_POINT('',(6.4,5.0,1.7));
#3737=CARTESIAN_POINT('',(6.4,5.0,1.7));
#3738=VECTOR('',#4763,5.2);
#3739=CARTESIAN_POINT('',(3.35,5.0,1.7));
#3740=CARTESIAN_POINT('',(6.4,5.0,1.7));
#3741=VECTOR('',#4764,3.05);
#3742=CARTESIAN_POINT('',(3.35,5.0,-1.7));
#3743=CARTESIAN_POINT('',(3.35,5.0,-1.7));
#3744=VECTOR('',#4765,3.4);
#3745=CARTESIAN_POINT('',(6.4,5.0,-1.7));
#3746=VECTOR('',#4766,3.05);
#3747=CARTESIAN_POINT('',(3.35,6.4,-1.7));
#3748=CARTESIAN_POINT('',(3.35,6.4,-1.7));
#3749=VECTOR('',#4767,1.4);
#3750=CARTESIAN_POINT('',(4.05,6.4,-1.7));
#3751=CARTESIAN_POINT('',(4.05,6.4,-1.7));
#3752=VECTOR('',#4768,0.7);
#3753=CARTESIAN_POINT('',(6.4,5.0,-1.7));
#3754=VECTOR('',#4769,2.735415873318);
#3755=CARTESIAN_POINT('',(4.05,6.4,1.7));
#3756=CARTESIAN_POINT('',(4.05,6.4,-1.7));
#3757=VECTOR('',#4770,3.4);
#3758=CARTESIAN_POINT('',(6.4,5.0,1.7));
#3759=VECTOR('',#4771,2.735415873318);
#3760=CARTESIAN_POINT('',(6.4,5.0,-1.7));
#3761=VECTOR('',#4772,3.4);
#3762=CARTESIAN_POINT('',(6.4,-5.0,5.15));
#3763=CARTESIAN_POINT('',(6.4,-5.0,6.9));
#3764=VECTOR('',#4773,1.75);
#3765=CARTESIAN_POINT('',(6.4,-4.6,5.15));
#3766=CARTESIAN_POINT('',(6.4,-5.0,5.15));
#3767=VECTOR('',#4774,0.4);
#3768=CARTESIAN_POINT('',(6.4,-4.6,-5.15));
#3769=CARTESIAN_POINT('',(6.4,-4.6,5.15));
#3770=VECTOR('',#4775,10.3);
#3771=CARTESIAN_POINT('',(6.4,-5.0,-5.15));
#3772=CARTESIAN_POINT('',(6.4,-4.6,-5.15));
#3773=VECTOR('',#4776,0.4);
#3774=CARTESIAN_POINT('',(6.4,-5.0,-6.9));
#3775=CARTESIAN_POINT('',(6.4,-5.0,-5.15));
#3776=VECTOR('',#4777,1.75);
#3777=CARTESIAN_POINT('',(6.4,-2.65,-6.9));
#3778=CARTESIAN_POINT('',(6.4,-5.0,-6.9));
#3779=VECTOR('',#4778,2.35);
#3780=AXIS2_PLACEMENT_3D('',#4779,#4780,#4781);
#3781=CARTESIAN_POINT('',(6.4,-1.85,-6.9));
#3782=VECTOR('',#4782,6.85);
#3783=CARTESIAN_POINT('',(6.4,4.1,-6.0));
#3784=CARTESIAN_POINT('',(6.4,4.1,-2.4));
#3785=CARTESIAN_POINT('',(6.4,4.1,-6.0));
#3786=VECTOR('',#4783,3.6);
#3787=CARTESIAN_POINT('',(6.4,1.45,-6.0));
#3788=CARTESIAN_POINT('',(6.4,1.45,-6.0));
#3789=VECTOR('',#4784,2.65);
#3790=CARTESIAN_POINT('',(6.4,0.5,-5.05));
#3791=CARTESIAN_POINT('',(6.4,0.5,-5.05));
#3792=VECTOR('',#4785,1.343502884254);
#3793=CARTESIAN_POINT('',(6.4,0.5,-3.35));
#3794=CARTESIAN_POINT('',(6.4,0.5,-3.35));
#3795=VECTOR('',#4786,1.7);
#3796=CARTESIAN_POINT('',(6.4,1.45,-2.4));
#3797=CARTESIAN_POINT('',(6.4,1.45,-2.4));
#3798=VECTOR('',#4787,1.343502884254);
#3799=CARTESIAN_POINT('',(6.4,4.1,-2.4));
#3800=VECTOR('',#4788,2.65);
#3801=CARTESIAN_POINT('',(6.4,-0.1,-6.0));
#3802=CARTESIAN_POINT('',(6.4,-0.1,-2.4));
#3803=CARTESIAN_POINT('',(6.4,-0.1,-6.0));
#3804=VECTOR('',#4789,3.6);
#3805=CARTESIAN_POINT('',(6.4,-3.7,-6.0));
#3806=CARTESIAN_POINT('',(6.4,-3.7,-6.0));
#3807=VECTOR('',#4790,3.6);
#3808=CARTESIAN_POINT('',(6.4,-3.7,-2.4));
#3809=CARTESIAN_POINT('',(6.4,-3.7,-2.4));
#3810=VECTOR('',#4791,3.6);
#3811=CARTESIAN_POINT('',(6.4,-0.1,-2.4));
#3812=VECTOR('',#4792,3.6);
#3813=CARTESIAN_POINT('',(6.4,4.1,-1.8));
#3814=CARTESIAN_POINT('',(6.4,4.1,1.8));
#3815=CARTESIAN_POINT('',(6.4,4.1,-1.8));
#3816=VECTOR('',#4793,3.6);
#3817=CARTESIAN_POINT('',(6.4,0.5,-1.8));
#3818=CARTESIAN_POINT('',(6.4,0.5,-1.8));
#3819=VECTOR('',#4794,3.6);
#3820=CARTESIAN_POINT('',(6.4,0.5,1.8));
#3821=CARTESIAN_POINT('',(6.4,0.5,1.8));
#3822=VECTOR('',#4795,3.6);
#3823=CARTESIAN_POINT('',(6.4,4.1,1.8));
#3824=VECTOR('',#4796,3.6);
#3825=CARTESIAN_POINT('',(6.4,-0.1,-1.8));
#3826=CARTESIAN_POINT('',(6.4,-0.1,1.8));
#3827=CARTESIAN_POINT('',(6.4,-0.1,-1.8));
#3828=VECTOR('',#4797,3.6);
#3829=CARTESIAN_POINT('',(6.4,-2.75,-1.8));
#3830=CARTESIAN_POINT('',(6.4,-2.75,-1.8));
#3831=VECTOR('',#4798,2.65);
#3832=CARTESIAN_POINT('',(6.4,-3.7,-0.85));
#3833=CARTESIAN_POINT('',(6.4,-3.7,-0.85));
#3834=VECTOR('',#4799,1.343502884254);
#3835=CARTESIAN_POINT('',(6.4,-3.7,0.85));
#3836=CARTESIAN_POINT('',(6.4,-3.7,0.85));
#3837=VECTOR('',#4800,1.7);
#3838=CARTESIAN_POINT('',(6.4,-2.75,1.8));
#3839=CARTESIAN_POINT('',(6.4,-2.75,1.8));
#3840=VECTOR('',#4801,1.343502884254);
#3841=CARTESIAN_POINT('',(6.4,-0.1,1.8));
#3842=VECTOR('',#4802,2.65);
#3843=CARTESIAN_POINT('',(6.4,4.1,2.4));
#3844=CARTESIAN_POINT('',(6.4,4.1,6.0));
#3845=CARTESIAN_POINT('',(6.4,4.1,2.4));
#3846=VECTOR('',#4803,3.6);
#3847=CARTESIAN_POINT('',(6.4,0.5,2.4));
#3848=CARTESIAN_POINT('',(6.4,0.5,2.4));
#3849=VECTOR('',#4804,3.6);
#3850=CARTESIAN_POINT('',(6.4,0.5,6.0));
#3851=CARTESIAN_POINT('',(6.4,0.5,6.0));
#3852=VECTOR('',#4805,3.6);
#3853=CARTESIAN_POINT('',(6.4,4.1,6.0));
#3854=VECTOR('',#4806,3.6);
#3855=CARTESIAN_POINT('',(6.4,-0.1,2.4));
#3856=CARTESIAN_POINT('',(6.4,-0.1,6.0));
#3857=CARTESIAN_POINT('',(6.4,-0.1,2.4));
#3858=VECTOR('',#4807,3.6);
#3859=CARTESIAN_POINT('',(6.4,-2.75,2.4));
#3860=CARTESIAN_POINT('',(6.4,-2.75,2.4));
#3861=VECTOR('',#4808,2.65);
#3862=CARTESIAN_POINT('',(6.4,-3.7,3.35));
#3863=CARTESIAN_POINT('',(6.4,-3.7,3.35));
#3864=VECTOR('',#4809,1.343502884254);
#3865=CARTESIAN_POINT('',(6.4,-3.7,5.05));
#3866=CARTESIAN_POINT('',(6.4,-3.7,5.05));
#3867=VECTOR('',#4810,1.7);
#3868=CARTESIAN_POINT('',(6.4,-2.75,6.0));
#3869=CARTESIAN_POINT('',(6.4,-2.75,6.0));
#3870=VECTOR('',#4811,1.343502884254);
#3871=CARTESIAN_POINT('',(6.4,-0.1,6.0));
#3872=VECTOR('',#4812,2.65);
#3873=CARTESIAN_POINT('',(-5.9,-2.65,-6.9));
#3874=CARTESIAN_POINT('',(6.4,-2.65,-6.9));
#3875=VECTOR('',#4813,12.3);
#3876=CARTESIAN_POINT('',(-6.4,-5.0,-6.9));
#3877=VECTOR('',#4814,12.8);
#3878=CARTESIAN_POINT('',(-5.9,-2.65,-6.9));
#3879=VECTOR('',#4815,0.8);
#3880=AXIS2_PLACEMENT_3D('',#4816,#4817,#4818);
#3881=CARTESIAN_POINT('',(-6.4,-5.0,-5.15));
#3882=VECTOR('',#4819,12.8);
#3883=CARTESIAN_POINT('',(-6.4,-4.6,-5.15));
#3884=VECTOR('',#4820,12.8);
#3885=CARTESIAN_POINT('',(-6.4,-4.6,5.15));
#3886=VECTOR('',#4821,12.8);
#3887=CARTESIAN_POINT('',(-6.4,-5.0,5.15));
#3888=VECTOR('',#4822,12.8);
#3889=CARTESIAN_POINT('',(-2.7,1.45,-2.4));
#3890=CARTESIAN_POINT('',(6.4,1.45,-2.4));
#3891=VECTOR('',#4823,9.1);
#3892=CARTESIAN_POINT('',(-2.7,4.1,-2.4));
#3893=CARTESIAN_POINT('',(-2.7,4.1,-2.4));
#3894=VECTOR('',#4824,2.65);
#3895=CARTESIAN_POINT('',(6.4,4.1,-2.4));
#3896=VECTOR('',#4825,9.1);
#3897=CARTESIAN_POINT('',(-2.7,4.1,-6.0));
#3898=CARTESIAN_POINT('',(-2.7,4.1,-6.0));
#3899=VECTOR('',#4826,3.6);
#3900=CARTESIAN_POINT('',(6.4,4.1,-6.0));
#3901=VECTOR('',#4827,9.1);
#3902=CARTESIAN_POINT('',(-2.7,1.45,-6.0));
#3903=CARTESIAN_POINT('',(-2.7,1.45,-6.0));
#3904=VECTOR('',#4828,2.65);
#3905=CARTESIAN_POINT('',(6.4,1.45,-6.0));
#3906=VECTOR('',#4829,9.1);
#3907=CARTESIAN_POINT('',(-2.7,0.5,-5.05));
#3908=CARTESIAN_POINT('',(-2.7,0.5,-5.05));
#3909=VECTOR('',#4830,1.343502884254);
#3910=CARTESIAN_POINT('',(6.4,0.5,-5.05));
#3911=VECTOR('',#4831,9.1);
#3912=CARTESIAN_POINT('',(-2.7,0.5,-3.35));
#3913=CARTESIAN_POINT('',(-2.7,0.5,-3.35));
#3914=VECTOR('',#4832,1.7);
#3915=CARTESIAN_POINT('',(6.4,0.5,-3.35));
#3916=VECTOR('',#4833,9.1);
#3917=CARTESIAN_POINT('',(-2.7,1.45,-2.4));
#3918=VECTOR('',#4834,1.343502884254);
#3919=CARTESIAN_POINT('',(-2.7,1.965,-4.735));
#3920=CARTESIAN_POINT('',(-2.7,1.965,-3.665));
#3921=CARTESIAN_POINT('',(-2.7,1.965,-4.735));
#3922=VECTOR('',#4835,1.07);
#3923=CARTESIAN_POINT('',(-2.7,3.035,-3.665));
#3924=CARTESIAN_POINT('',(-2.7,1.965,-3.665));
#3925=VECTOR('',#4836,1.07);
#3926=CARTESIAN_POINT('',(-2.7,3.035,-4.735));
#3927=CARTESIAN_POINT('',(-2.7,3.035,-4.735));
#3928=VECTOR('',#4837,1.07);
#3929=CARTESIAN_POINT('',(-2.7,1.965,-4.735));
#3930=VECTOR('',#4838,1.07);
#3931=CARTESIAN_POINT('',(-2.7,-3.7,-2.4));
#3932=CARTESIAN_POINT('',(-2.7,-3.7,-6.0));
#3933=CARTESIAN_POINT('',(-2.7,-3.7,-2.4));
#3934=VECTOR('',#4839,3.6);
#3935=CARTESIAN_POINT('',(-2.7,-0.1,-6.0));
#3936=CARTESIAN_POINT('',(-2.7,-3.7,-6.0));
#3937=VECTOR('',#4840,3.6);
#3938=CARTESIAN_POINT('',(-2.7,-0.1,-2.4));
#3939=CARTESIAN_POINT('',(-2.7,-0.1,-6.0));
#3940=VECTOR('',#4841,3.6);
#3941=CARTESIAN_POINT('',(-2.7,-0.1,-2.4));
#3942=VECTOR('',#4842,3.6);
#3943=CARTESIAN_POINT('',(-2.7,-2.235,-4.735));
#3944=CARTESIAN_POINT('',(-2.7,-2.235,-3.665));
#3945=CARTESIAN_POINT('',(-2.7,-2.235,-4.735));
#3946=VECTOR('',#4843,1.07);
#3947=CARTESIAN_POINT('',(-2.7,-1.165,-3.665));
#3948=CARTESIAN_POINT('',(-2.7,-2.235,-3.665));
#3949=VECTOR('',#4844,1.07);
#3950=CARTESIAN_POINT('',(-2.7,-1.165,-4.735));
#3951=CARTESIAN_POINT('',(-2.7,-1.165,-4.735));
#3952=VECTOR('',#4845,1.07);
#3953=CARTESIAN_POINT('',(-2.7,-2.235,-4.735));
#3954=VECTOR('',#4846,1.07);
#3955=CARTESIAN_POINT('',(6.4,-3.7,-2.4));
#3956=VECTOR('',#4847,9.1);
#3957=CARTESIAN_POINT('',(6.4,-0.1,-2.4));
#3958=VECTOR('',#4848,9.1);
#3959=CARTESIAN_POINT('',(6.4,-0.1,-6.0));
#3960=VECTOR('',#4849,9.1);
#3961=CARTESIAN_POINT('',(6.4,-3.7,-6.0));
#3962=VECTOR('',#4850,9.1);
#3963=CARTESIAN_POINT('',(1.1,1.965,-4.735));
#3964=CARTESIAN_POINT('',(-2.7,1.965,-4.735));
#3965=VECTOR('',#4851,3.8);
#3966=CARTESIAN_POINT('',(1.1,3.035,-4.735));
#3967=CARTESIAN_POINT('',(1.1,3.035,-4.735));
#3968=VECTOR('',#4852,3.8);
#3969=CARTESIAN_POINT('',(1.1,3.035,-4.735));
#3970=VECTOR('',#4853,1.07);
#3971=CARTESIAN_POINT('',(1.1,-2.235,-4.735));
#3972=CARTESIAN_POINT('',(-2.7,-2.235,-4.735));
#3973=VECTOR('',#4854,3.8);
#3974=CARTESIAN_POINT('',(1.1,-1.165,-4.735));
#3975=CARTESIAN_POINT('',(1.1,-1.165,-4.735));
#3976=VECTOR('',#4855,3.8);
#3977=CARTESIAN_POINT('',(1.1,-1.165,-4.735));
#3978=VECTOR('',#4856,1.07);
#3979=CARTESIAN_POINT('',(-8.035,-2.915,-4.735));
#3980=CARTESIAN_POINT('',(-8.035,-7.5,-4.735));
#3981=CARTESIAN_POINT('',(-8.035,-2.915,-4.735));
#3982=VECTOR('',#4857,4.585);
#3983=AXIS2_PLACEMENT_3D('',#4858,#4859,#4860);
#3984=CARTESIAN_POINT('',(-6.965,-2.915,-4.735));
#3985=AXIS2_PLACEMENT_3D('',#4861,#4862,#4863);
#3986=CARTESIAN_POINT('',(-6.965,-7.5,-4.735));
#3987=CARTESIAN_POINT('',(-6.965,-7.5,-4.735));
#3988=VECTOR('',#4864,4.585);
#3989=CARTESIAN_POINT('',(-6.965,-7.5,-4.735));
#3990=VECTOR('',#4865,1.07);
#3991=CARTESIAN_POINT('',(-13.535,1.285,-4.735));
#3992=CARTESIAN_POINT('',(-13.535,-7.5,-4.735));
#3993=CARTESIAN_POINT('',(-13.535,1.285,-4.735));
#3994=VECTOR('',#4866,8.785);
#3995=CARTESIAN_POINT('',(-11.785,3.035,-4.735));
#3996=AXIS2_PLACEMENT_3D('',#4867,#4868,#4869);
#3997=CARTESIAN_POINT('',(-6.4,3.035,-4.735));
#3998=VECTOR('',#4870,5.385);
#3999=CARTESIAN_POINT('',(-11.785,1.965,-4.735));
#4000=CARTESIAN_POINT('',(-11.785,1.965,-4.735));
#4001=VECTOR('',#4871,5.385);
#4002=CARTESIAN_POINT('',(-12.465,1.285,-4.735));
#4003=AXIS2_PLACEMENT_3D('',#4872,#4873,#4874);
#4004=CARTESIAN_POINT('',(-12.465,-7.5,-4.735));
#4005=CARTESIAN_POINT('',(-12.465,-7.5,-4.735));
#4006=VECTOR('',#4875,8.785);
#4007=CARTESIAN_POINT('',(-12.465,-7.5,-4.735));
#4008=VECTOR('',#4876,1.07);
#4009=CARTESIAN_POINT('',(2.6,2.785,-4.485));
#4010=CARTESIAN_POINT('',(2.6,2.785,-4.485));
#4011=VECTOR('',#4877,1.541103500742);
#4012=CARTESIAN_POINT('',(2.6,2.215,-4.485));
#4013=CARTESIAN_POINT('',(2.6,2.785,-4.485));
#4014=VECTOR('',#4878,0.57);
#4015=CARTESIAN_POINT('',(2.6,2.215,-4.485));
#4016=VECTOR('',#4879,1.541103500742);
#4017=CARTESIAN_POINT('',(2.6,2.215,-3.915));
#4018=CARTESIAN_POINT('',(2.6,2.215,-3.915));
#4019=VECTOR('',#4880,0.57);
#4020=CARTESIAN_POINT('',(1.1,1.965,-3.665));
#4021=CARTESIAN_POINT('',(2.6,2.215,-3.915));
#4022=VECTOR('',#4881,1.541103500742);
#4023=CARTESIAN_POINT('',(1.1,1.965,-3.665));
#4024=VECTOR('',#4882,1.07);
#4025=CARTESIAN_POINT('',(-11.785,1.965,-3.665));
#4026=CARTESIAN_POINT('',(-11.785,1.965,-3.665));
#4027=VECTOR('',#4883,5.385);
#4028=CARTESIAN_POINT('',(-11.785,1.965,-4.735));
#4029=VECTOR('',#4884,1.07);
#4030=CARTESIAN_POINT('',(-2.7,1.965,-3.665));
#4031=VECTOR('',#4885,3.8);
#4032=CARTESIAN_POINT('',(-12.465,1.285,-3.665));
#4033=AXIS2_PLACEMENT_3D('',#4886,#4887,#4888);
#4034=CARTESIAN_POINT('',(-12.465,1.285,-4.735));
#4035=VECTOR('',#4889,1.07);
#4036=CARTESIAN_POINT('',(-12.465,-7.5,-3.665));
#4037=CARTESIAN_POINT('',(-12.465,-7.5,-3.665));
#4038=VECTOR('',#4890,8.785);
#4039=CARTESIAN_POINT('',(-12.465,-7.5,-3.665));
#4040=VECTOR('',#4891,1.07);
#4041=CARTESIAN_POINT('',(-12.715,-9.0,-3.915));
#4042=CARTESIAN_POINT('',(-12.465,-7.5,-3.665));
#4043=VECTOR('',#4892,1.541103500742);
#4044=CARTESIAN_POINT('',(-12.715,-9.0,-4.485));
#4045=CARTESIAN_POINT('',(-12.715,-9.0,-3.915));
#4046=VECTOR('',#4893,0.57);
#4047=CARTESIAN_POINT('',(-12.715,-9.0,-4.485));
#4048=VECTOR('',#4894,1.541103500742);
#4049=CARTESIAN_POINT('',(-13.285,-9.0,-4.485));
#4050=CARTESIAN_POINT('',(-12.715,-9.0,-4.485));
#4051=VECTOR('',#4895,0.57);
#4052=CARTESIAN_POINT('',(-13.285,-9.0,-4.485));
#4053=VECTOR('',#4896,1.541103500742);
#4054=CARTESIAN_POINT('',(-13.285,-9.0,-3.915));
#4055=CARTESIAN_POINT('',(-13.285,-9.0,-3.915));
#4056=VECTOR('',#4897,0.57);
#4057=CARTESIAN_POINT('',(-13.535,-7.5,-3.665));
#4058=CARTESIAN_POINT('',(-13.285,-9.0,-3.915));
#4059=VECTOR('',#4898,1.541103500742);
#4060=CARTESIAN_POINT('',(-13.535,-7.5,-3.665));
#4061=VECTOR('',#4899,1.07);
#4062=CARTESIAN_POINT('',(-13.535,1.285,-3.665));
#4063=CARTESIAN_POINT('',(-13.535,1.285,-3.665));
#4064=VECTOR('',#4900,8.785);
#4065=CARTESIAN_POINT('',(-13.535,1.285,-4.735));
#4066=VECTOR('',#4901,1.07);
#4067=CARTESIAN_POINT('',(-11.785,3.035,-3.665));
#4068=AXIS2_PLACEMENT_3D('',#4902,#4903,#4904);
#4069=CARTESIAN_POINT('',(-11.785,3.035,-4.735));
#4070=VECTOR('',#4905,1.07);
#4071=CARTESIAN_POINT('',(-6.4,3.035,-3.665));
#4072=VECTOR('',#4906,5.385);
#4073=CARTESIAN_POINT('',(1.1,3.035,-3.665));
#4074=CARTESIAN_POINT('',(1.1,3.035,-3.665));
#4075=VECTOR('',#4907,3.8);
#4076=CARTESIAN_POINT('',(1.1,3.035,-3.665));
#4077=VECTOR('',#4908,1.07);
#4078=CARTESIAN_POINT('',(1.1,1.965,-3.665));
#4079=VECTOR('',#4909,1.07);
#4080=CARTESIAN_POINT('',(1.1,-1.165,-3.665));
#4081=CARTESIAN_POINT('',(1.1,-1.165,-3.665));
#4082=VECTOR('',#4910,3.8);
#4083=CARTESIAN_POINT('',(1.1,-2.235,-3.665));
#4084=CARTESIAN_POINT('',(-2.7,-2.235,-3.665));
#4085=VECTOR('',#4911,3.8);
#4086=CARTESIAN_POINT('',(1.1,-2.235,-3.665));
#4087=VECTOR('',#4912,1.07);
#4088=CARTESIAN_POINT('',(-6.965,-7.5,-3.665));
#4089=CARTESIAN_POINT('',(-6.965,-2.915,-3.665));
#4090=CARTESIAN_POINT('',(-6.965,-7.5,-3.665));
#4091=VECTOR('',#4913,4.585);
#4092=AXIS2_PLACEMENT_3D('',#4914,#4915,#4916);
#4093=CARTESIAN_POINT('',(-8.035,-2.915,-3.665));
#4094=AXIS2_PLACEMENT_3D('',#4917,#4918,#4919);
#4095=CARTESIAN_POINT('',(-8.035,-7.5,-3.665));
#4096=CARTESIAN_POINT('',(-8.035,-2.915,-3.665));
#4097=VECTOR('',#4920,4.585);
#4098=CARTESIAN_POINT('',(-8.035,-7.5,-3.665));
#4099=VECTOR('',#4921,1.07);
#4100=CARTESIAN_POINT('',(-13.535,-7.5,-3.665));
#4101=VECTOR('',#4922,1.07);
#4102=CARTESIAN_POINT('',(2.6,2.785,-3.915));
#4103=CARTESIAN_POINT('',(1.1,3.035,-3.665));
#4104=VECTOR('',#4923,1.541103500742);
#4105=CARTESIAN_POINT('',(2.6,2.215,-3.915));
#4106=VECTOR('',#4924,0.57);
#4107=CARTESIAN_POINT('',(2.6,2.785,-3.915));
#4108=VECTOR('',#4925,0.57);
#4109=CARTESIAN_POINT('',(2.6,-1.415,-3.915));
#4110=CARTESIAN_POINT('',(2.6,-1.415,-3.915));
#4111=VECTOR('',#4926,1.541103500742);
#4112=CARTESIAN_POINT('',(2.6,-1.985,-3.915));
#4113=CARTESIAN_POINT('',(2.6,-1.985,-3.915));
#4114=VECTOR('',#4927,1.541103500742);
#4115=CARTESIAN_POINT('',(2.6,-1.985,-3.915));
#4116=VECTOR('',#4928,0.57);
#4117=CARTESIAN_POINT('',(2.6,-1.985,-4.485));
#4118=CARTESIAN_POINT('',(2.6,-1.985,-3.915));
#4119=VECTOR('',#4929,0.57);
#4120=CARTESIAN_POINT('',(2.6,-1.415,-4.485));
#4121=CARTESIAN_POINT('',(2.6,-1.415,-4.485));
#4122=VECTOR('',#4930,0.57);
#4123=CARTESIAN_POINT('',(2.6,-1.415,-3.915));
#4124=VECTOR('',#4931,0.57);
#4125=CARTESIAN_POINT('',(2.6,-1.415,-4.485));
#4126=VECTOR('',#4932,1.541103500742);
#4127=CARTESIAN_POINT('',(1.1,-1.165,-3.665));
#4128=VECTOR('',#4933,1.07);
#4129=CARTESIAN_POINT('',(2.6,-1.985,-4.485));
#4130=VECTOR('',#4934,1.541103500742);
#4131=CARTESIAN_POINT('',(1.1,-2.235,-3.665));
#4132=VECTOR('',#4935,1.07);
#4133=CARTESIAN_POINT('',(-7.215,-9.0,-3.915));
#4134=CARTESIAN_POINT('',(-6.965,-7.5,-3.665));
#4135=VECTOR('',#4936,1.541103500742);
#4136=CARTESIAN_POINT('',(-7.785,-9.0,-3.915));
#4137=CARTESIAN_POINT('',(-7.785,-9.0,-3.915));
#4138=VECTOR('',#4937,1.541103500742);
#4139=CARTESIAN_POINT('',(-7.785,-9.0,-3.915));
#4140=VECTOR('',#4938,0.57);
#4141=CARTESIAN_POINT('',(-7.785,-9.0,-4.485));
#4142=CARTESIAN_POINT('',(-7.785,-9.0,-3.915));
#4143=VECTOR('',#4939,0.57);
#4144=CARTESIAN_POINT('',(-7.215,-9.0,-4.485));
#4145=CARTESIAN_POINT('',(-7.215,-9.0,-4.485));
#4146=VECTOR('',#4940,0.57);
#4147=CARTESIAN_POINT('',(-7.215,-9.0,-3.915));
#4148=VECTOR('',#4941,0.57);
#4149=CARTESIAN_POINT('',(-7.215,-9.0,-4.485));
#4150=VECTOR('',#4942,1.541103500742);
#4151=CARTESIAN_POINT('',(-6.965,-7.5,-3.665));
#4152=VECTOR('',#4943,1.07);
#4153=CARTESIAN_POINT('',(-6.965,-2.915,-4.735));
#4154=VECTOR('',#4944,1.07);
#4155=CARTESIAN_POINT('',(-7.785,-9.0,-4.485));
#4156=VECTOR('',#4945,1.541103500742);
#4157=CARTESIAN_POINT('',(-8.035,-7.5,-3.665));
#4158=VECTOR('',#4946,1.07);
#4159=CARTESIAN_POINT('',(-8.035,-2.915,-4.735));
#4160=VECTOR('',#4947,1.07);
#4161=CARTESIAN_POINT('',(-13.285,-9.0,-3.915));
#4162=VECTOR('',#4948,0.57);
#4163=CARTESIAN_POINT('',(-2.7,0.5,1.8));
#4164=CARTESIAN_POINT('',(6.4,0.5,1.8));
#4165=VECTOR('',#4949,9.1);
#4166=CARTESIAN_POINT('',(-2.7,4.1,1.8));
#4167=CARTESIAN_POINT('',(-2.7,4.1,1.8));
#4168=VECTOR('',#4950,3.6);
#4169=CARTESIAN_POINT('',(6.4,4.1,1.8));
#4170=VECTOR('',#4951,9.1);
#4171=CARTESIAN_POINT('',(-2.7,4.1,-1.8));
#4172=CARTESIAN_POINT('',(-2.7,4.1,-1.8));
#4173=VECTOR('',#4952,3.6);
#4174=CARTESIAN_POINT('',(6.4,4.1,-1.8));
#4175=VECTOR('',#4953,9.1);
#4176=CARTESIAN_POINT('',(-2.7,0.5,-1.8));
#4177=CARTESIAN_POINT('',(-2.7,0.5,-1.8));
#4178=VECTOR('',#4954,3.6);
#4179=CARTESIAN_POINT('',(6.4,0.5,-1.8));
#4180=VECTOR('',#4955,9.1);
#4181=CARTESIAN_POINT('',(-2.7,0.5,1.8));
#4182=VECTOR('',#4956,3.6);
#4183=CARTESIAN_POINT('',(-2.7,1.965,-0.535));
#4184=CARTESIAN_POINT('',(-2.7,1.965,0.535));
#4185=CARTESIAN_POINT('',(-2.7,1.965,-0.535));
#4186=VECTOR('',#4957,1.07);
#4187=CARTESIAN_POINT('',(-2.7,3.035,0.535));
#4188=CARTESIAN_POINT('',(-2.7,1.965,0.535));
#4189=VECTOR('',#4958,1.07);
#4190=CARTESIAN_POINT('',(-2.7,3.035,-0.535));
#4191=CARTESIAN_POINT('',(-2.7,3.035,-0.535));
#4192=VECTOR('',#4959,1.07);
#4193=CARTESIAN_POINT('',(-2.7,1.965,-0.535));
#4194=VECTOR('',#4960,1.07);
#4195=CARTESIAN_POINT('',(-2.7,-2.75,1.8));
#4196=CARTESIAN_POINT('',(-2.7,-3.7,0.85));
#4197=CARTESIAN_POINT('',(-2.7,-2.75,1.8));
#4198=VECTOR('',#4961,1.343502884254);
#4199=CARTESIAN_POINT('',(-2.7,-3.7,-0.85));
#4200=CARTESIAN_POINT('',(-2.7,-3.7,0.85));
#4201=VECTOR('',#4962,1.7);
#4202=CARTESIAN_POINT('',(-2.7,-2.75,-1.8));
#4203=CARTESIAN_POINT('',(-2.7,-3.7,-0.85));
#4204=VECTOR('',#4963,1.343502884254);
#4205=CARTESIAN_POINT('',(-2.7,-0.1,-1.8));
#4206=CARTESIAN_POINT('',(-2.7,-2.75,-1.8));
#4207=VECTOR('',#4964,2.65);
#4208=CARTESIAN_POINT('',(-2.7,-0.1,1.8));
#4209=CARTESIAN_POINT('',(-2.7,-0.1,-1.8));
#4210=VECTOR('',#4965,3.6);
#4211=CARTESIAN_POINT('',(-2.7,-0.1,1.8));
#4212=VECTOR('',#4966,2.65);
#4213=CARTESIAN_POINT('',(-2.7,-2.235,-0.535));
#4214=CARTESIAN_POINT('',(-2.7,-2.235,0.535));
#4215=CARTESIAN_POINT('',(-2.7,-2.235,-0.535));
#4216=VECTOR('',#4967,1.07);
#4217=CARTESIAN_POINT('',(-2.7,-1.165,0.535));
#4218=CARTESIAN_POINT('',(-2.7,-2.235,0.535));
#4219=VECTOR('',#4968,1.07);
#4220=CARTESIAN_POINT('',(-2.7,-1.165,-0.535));
#4221=CARTESIAN_POINT('',(-2.7,-1.165,-0.535));
#4222=VECTOR('',#4969,1.07);
#4223=CARTESIAN_POINT('',(-2.7,-2.235,-0.535));
#4224=VECTOR('',#4970,1.07);
#4225=CARTESIAN_POINT('',(6.4,-2.75,1.8));
#4226=VECTOR('',#4971,9.1);
#4227=CARTESIAN_POINT('',(6.4,-0.1,1.8));
#4228=VECTOR('',#4972,9.1);
#4229=CARTESIAN_POINT('',(6.4,-0.1,-1.8));
#4230=VECTOR('',#4973,9.1);
#4231=CARTESIAN_POINT('',(6.4,-2.75,-1.8));
#4232=VECTOR('',#4974,9.1);
#4233=CARTESIAN_POINT('',(6.4,-3.7,-0.85));
#4234=VECTOR('',#4975,9.1);
#4235=CARTESIAN_POINT('',(6.4,-3.7,0.85));
#4236=VECTOR('',#4976,9.1);
#4237=CARTESIAN_POINT('',(1.1,1.965,-0.535));
#4238=CARTESIAN_POINT('',(-2.7,1.965,-0.535));
#4239=VECTOR('',#4977,3.8);
#4240=CARTESIAN_POINT('',(1.1,3.035,-0.535));
#4241=CARTESIAN_POINT('',(1.1,3.035,-0.535));
#4242=VECTOR('',#4978,3.8);
#4243=CARTESIAN_POINT('',(1.1,3.035,-0.535));
#4244=VECTOR('',#4979,1.07);
#4245=CARTESIAN_POINT('',(1.1,-2.235,-0.535));
#4246=CARTESIAN_POINT('',(-2.7,-2.235,-0.535));
#4247=VECTOR('',#4980,3.8);
#4248=CARTESIAN_POINT('',(1.1,-1.165,-0.535));
#4249=CARTESIAN_POINT('',(1.1,-1.165,-0.535));
#4250=VECTOR('',#4981,3.8);
#4251=CARTESIAN_POINT('',(1.1,-1.165,-0.535));
#4252=VECTOR('',#4982,1.07);
#4253=CARTESIAN_POINT('',(-8.035,-2.915,-0.535));
#4254=CARTESIAN_POINT('',(-8.035,-7.5,-0.535));
#4255=CARTESIAN_POINT('',(-8.035,-2.915,-0.535));
#4256=VECTOR('',#4983,4.585);
#4257=AXIS2_PLACEMENT_3D('',#4984,#4985,#4986);
#4258=CARTESIAN_POINT('',(-6.965,-2.915,-0.535));
#4259=AXIS2_PLACEMENT_3D('',#4987,#4988,#4989);
#4260=CARTESIAN_POINT('',(-6.965,-7.5,-0.535));
#4261=CARTESIAN_POINT('',(-6.965,-7.5,-0.535));
#4262=VECTOR('',#4990,4.585);
#4263=CARTESIAN_POINT('',(-6.965,-7.5,-0.535));
#4264=VECTOR('',#4991,1.07);
#4265=CARTESIAN_POINT('',(-13.535,1.285,-0.535));
#4266=CARTESIAN_POINT('',(-13.535,-7.5,-0.535));
#4267=CARTESIAN_POINT('',(-13.535,1.285,-0.535));
#4268=VECTOR('',#4992,8.785);
#4269=CARTESIAN_POINT('',(-11.785,3.035,-0.535));
#4270=AXIS2_PLACEMENT_3D('',#4993,#4994,#4995);
#4271=CARTESIAN_POINT('',(-6.4,3.035,-0.535));
#4272=VECTOR('',#4996,5.385);
#4273=CARTESIAN_POINT('',(-11.785,1.965,-0.535));
#4274=CARTESIAN_POINT('',(-11.785,1.965,-0.535));
#4275=VECTOR('',#4997,5.385);
#4276=CARTESIAN_POINT('',(-12.465,1.285,-0.535));
#4277=AXIS2_PLACEMENT_3D('',#4998,#4999,#5000);
#4278=CARTESIAN_POINT('',(-12.465,-7.5,-0.535));
#4279=CARTESIAN_POINT('',(-12.465,-7.5,-0.535));
#4280=VECTOR('',#5001,8.785);
#4281=CARTESIAN_POINT('',(-12.465,-7.5,-0.535));
#4282=VECTOR('',#5002,1.07);
#4283=CARTESIAN_POINT('',(2.6,2.785,-0.285));
#4284=CARTESIAN_POINT('',(2.6,2.785,-0.285));
#4285=VECTOR('',#5003,1.541103500742);
#4286=CARTESIAN_POINT('',(2.6,2.215,-0.285));
#4287=CARTESIAN_POINT('',(2.6,2.785,-0.285));
#4288=VECTOR('',#5004,0.57);
#4289=CARTESIAN_POINT('',(2.6,2.215,-0.285));
#4290=VECTOR('',#5005,1.541103500742);
#4291=CARTESIAN_POINT('',(2.6,2.215,0.285));
#4292=CARTESIAN_POINT('',(2.6,2.215,0.285));
#4293=VECTOR('',#5006,0.57);
#4294=CARTESIAN_POINT('',(1.1,1.965,0.535));
#4295=CARTESIAN_POINT('',(2.6,2.215,0.285));
#4296=VECTOR('',#5007,1.541103500742);
#4297=CARTESIAN_POINT('',(1.1,1.965,0.535));
#4298=VECTOR('',#5008,1.07);
#4299=CARTESIAN_POINT('',(-11.785,1.965,0.535));
#4300=CARTESIAN_POINT('',(-11.785,1.965,0.535));
#4301=VECTOR('',#5009,5.385);
#4302=CARTESIAN_POINT('',(-11.785,1.965,-0.535));
#4303=VECTOR('',#5010,1.07);
#4304=CARTESIAN_POINT('',(-2.7,1.965,0.535));
#4305=VECTOR('',#5011,3.8);
#4306=CARTESIAN_POINT('',(-12.465,1.285,0.535));
#4307=AXIS2_PLACEMENT_3D('',#5012,#5013,#5014);
#4308=CARTESIAN_POINT('',(-12.465,1.285,-0.535));
#4309=VECTOR('',#5015,1.07);
#4310=CARTESIAN_POINT('',(-12.465,-7.5,0.535));
#4311=CARTESIAN_POINT('',(-12.465,-7.5,0.535));
#4312=VECTOR('',#5016,8.785);
#4313=CARTESIAN_POINT('',(-12.465,-7.5,0.535));
#4314=VECTOR('',#5017,1.07);
#4315=CARTESIAN_POINT('',(-12.715,-9.0,0.285));
#4316=CARTESIAN_POINT('',(-12.465,-7.5,0.535));
#4317=VECTOR('',#5018,1.541103500742);
#4318=CARTESIAN_POINT('',(-12.715,-9.0,-0.285));
#4319=CARTESIAN_POINT('',(-12.715,-9.0,0.285));
#4320=VECTOR('',#5019,0.57);
#4321=CARTESIAN_POINT('',(-12.715,-9.0,-0.285));
#4322=VECTOR('',#5020,1.541103500742);
#4323=CARTESIAN_POINT('',(-13.285,-9.0,-0.285));
#4324=CARTESIAN_POINT('',(-12.715,-9.0,-0.285));
#4325=VECTOR('',#5021,0.57);
#4326=CARTESIAN_POINT('',(-13.285,-9.0,-0.285));
#4327=VECTOR('',#5022,1.541103500742);
#4328=CARTESIAN_POINT('',(-13.285,-9.0,0.285));
#4329=CARTESIAN_POINT('',(-13.285,-9.0,0.285));
#4330=VECTOR('',#5023,0.57);
#4331=CARTESIAN_POINT('',(-13.535,-7.5,0.535));
#4332=CARTESIAN_POINT('',(-13.285,-9.0,0.285));
#4333=VECTOR('',#5024,1.541103500742);
#4334=CARTESIAN_POINT('',(-13.535,-7.5,0.535));
#4335=VECTOR('',#5025,1.07);
#4336=CARTESIAN_POINT('',(-13.535,1.285,0.535));
#4337=CARTESIAN_POINT('',(-13.535,1.285,0.535));
#4338=VECTOR('',#5026,8.785);
#4339=CARTESIAN_POINT('',(-13.535,1.285,-0.535));
#4340=VECTOR('',#5027,1.07);
#4341=CARTESIAN_POINT('',(-11.785,3.035,0.535));
#4342=AXIS2_PLACEMENT_3D('',#5028,#5029,#5030);
#4343=CARTESIAN_POINT('',(-11.785,3.035,-0.535));
#4344=VECTOR('',#5031,1.07);
#4345=CARTESIAN_POINT('',(-6.4,3.035,0.535));
#4346=VECTOR('',#5032,5.385);
#4347=CARTESIAN_POINT('',(1.1,3.035,0.535));
#4348=CARTESIAN_POINT('',(1.1,3.035,0.535));
#4349=VECTOR('',#5033,3.8);
#4350=CARTESIAN_POINT('',(1.1,3.035,0.535));
#4351=VECTOR('',#5034,1.07);
#4352=CARTESIAN_POINT('',(1.1,1.965,0.535));
#4353=VECTOR('',#5035,1.07);
#4354=CARTESIAN_POINT('',(1.1,-1.165,0.535));
#4355=CARTESIAN_POINT('',(1.1,-1.165,0.535));
#4356=VECTOR('',#5036,3.8);
#4357=CARTESIAN_POINT('',(1.1,-2.235,0.535));
#4358=CARTESIAN_POINT('',(-2.7,-2.235,0.535));
#4359=VECTOR('',#5037,3.8);
#4360=CARTESIAN_POINT('',(1.1,-2.235,0.535));
#4361=VECTOR('',#5038,1.07);
#4362=CARTESIAN_POINT('',(-6.965,-7.5,0.535));
#4363=CARTESIAN_POINT('',(-6.965,-2.915,0.535));
#4364=CARTESIAN_POINT('',(-6.965,-7.5,0.535));
#4365=VECTOR('',#5039,4.585);
#4366=AXIS2_PLACEMENT_3D('',#5040,#5041,#5042);
#4367=CARTESIAN_POINT('',(-8.035,-2.915,0.535));
#4368=AXIS2_PLACEMENT_3D('',#5043,#5044,#5045);
#4369=CARTESIAN_POINT('',(-8.035,-7.5,0.535));
#4370=CARTESIAN_POINT('',(-8.035,-2.915,0.535));
#4371=VECTOR('',#5046,4.585);
#4372=CARTESIAN_POINT('',(-8.035,-7.5,0.535));
#4373=VECTOR('',#5047,1.07);
#4374=CARTESIAN_POINT('',(-13.535,-7.5,0.535));
#4375=VECTOR('',#5048,1.07);
#4376=CARTESIAN_POINT('',(2.6,2.785,0.285));
#4377=CARTESIAN_POINT('',(1.1,3.035,0.535));
#4378=VECTOR('',#5049,1.541103500742);
#4379=CARTESIAN_POINT('',(2.6,2.215,0.285));
#4380=VECTOR('',#5050,0.57);
#4381=CARTESIAN_POINT('',(2.6,2.785,0.285));
#4382=VECTOR('',#5051,0.57);
#4383=CARTESIAN_POINT('',(2.6,-1.415,0.285));
#4384=CARTESIAN_POINT('',(2.6,-1.415,0.285));
#4385=VECTOR('',#5052,1.541103500742);
#4386=CARTESIAN_POINT('',(2.6,-1.985,0.285));
#4387=CARTESIAN_POINT('',(2.6,-1.985,0.285));
#4388=VECTOR('',#5053,1.541103500742);
#4389=CARTESIAN_POINT('',(2.6,-1.985,0.285));
#4390=VECTOR('',#5054,0.57);
#4391=CARTESIAN_POINT('',(2.6,-1.985,-0.285));
#4392=CARTESIAN_POINT('',(2.6,-1.985,0.285));
#4393=VECTOR('',#5055,0.57);
#4394=CARTESIAN_POINT('',(2.6,-1.415,-0.285));
#4395=CARTESIAN_POINT('',(2.6,-1.415,-0.285));
#4396=VECTOR('',#5056,0.57);
#4397=CARTESIAN_POINT('',(2.6,-1.415,0.285));
#4398=VECTOR('',#5057,0.57);
#4399=CARTESIAN_POINT('',(2.6,-1.415,-0.285));
#4400=VECTOR('',#5058,1.541103500742);
#4401=CARTESIAN_POINT('',(1.1,-1.165,0.535));
#4402=VECTOR('',#5059,1.07);
#4403=CARTESIAN_POINT('',(2.6,-1.985,-0.285));
#4404=VECTOR('',#5060,1.541103500742);
#4405=CARTESIAN_POINT('',(1.1,-2.235,0.535));
#4406=VECTOR('',#5061,1.07);
#4407=CARTESIAN_POINT('',(-7.215,-9.0,0.285));
#4408=CARTESIAN_POINT('',(-6.965,-7.5,0.535));
#4409=VECTOR('',#5062,1.541103500742);
#4410=CARTESIAN_POINT('',(-7.785,-9.0,0.285));
#4411=CARTESIAN_POINT('',(-7.785,-9.0,0.285));
#4412=VECTOR('',#5063,1.541103500742);
#4413=CARTESIAN_POINT('',(-7.785,-9.0,0.285));
#4414=VECTOR('',#5064,0.57);
#4415=CARTESIAN_POINT('',(-7.785,-9.0,-0.285));
#4416=CARTESIAN_POINT('',(-7.785,-9.0,0.285));
#4417=VECTOR('',#5065,0.57);
#4418=CARTESIAN_POINT('',(-7.215,-9.0,-0.285));
#4419=CARTESIAN_POINT('',(-7.215,-9.0,-0.285));
#4420=VECTOR('',#5066,0.57);
#4421=CARTESIAN_POINT('',(-7.215,-9.0,0.285));
#4422=VECTOR('',#5067,0.57);
#4423=CARTESIAN_POINT('',(-7.215,-9.0,-0.285));
#4424=VECTOR('',#5068,1.541103500742);
#4425=CARTESIAN_POINT('',(-6.965,-7.5,0.535));
#4426=VECTOR('',#5069,1.07);
#4427=CARTESIAN_POINT('',(-6.965,-2.915,-0.535));
#4428=VECTOR('',#5070,1.07);
#4429=CARTESIAN_POINT('',(-7.785,-9.0,-0.285));
#4430=VECTOR('',#5071,1.541103500742);
#4431=CARTESIAN_POINT('',(-8.035,-7.5,0.535));
#4432=VECTOR('',#5072,1.07);
#4433=CARTESIAN_POINT('',(-8.035,-2.915,-0.535));
#4434=VECTOR('',#5073,1.07);
#4435=CARTESIAN_POINT('',(-13.285,-9.0,0.285));
#4436=VECTOR('',#5074,0.57);
#4437=CARTESIAN_POINT('',(-2.7,0.5,6.0));
#4438=CARTESIAN_POINT('',(6.4,0.5,6.0));
#4439=VECTOR('',#5075,9.1);
#4440=CARTESIAN_POINT('',(-2.7,4.1,6.0));
#4441=CARTESIAN_POINT('',(-2.7,4.1,6.0));
#4442=VECTOR('',#5076,3.6);
#4443=CARTESIAN_POINT('',(6.4,4.1,6.0));
#4444=VECTOR('',#5077,9.1);
#4445=CARTESIAN_POINT('',(-2.7,4.1,2.4));
#4446=CARTESIAN_POINT('',(-2.7,4.1,2.4));
#4447=VECTOR('',#5078,3.6);
#4448=CARTESIAN_POINT('',(6.4,4.1,2.4));
#4449=VECTOR('',#5079,9.1);
#4450=CARTESIAN_POINT('',(-2.7,0.5,2.4));
#4451=CARTESIAN_POINT('',(-2.7,0.5,2.4));
#4452=VECTOR('',#5080,3.6);
#4453=CARTESIAN_POINT('',(6.4,0.5,2.4));
#4454=VECTOR('',#5081,9.1);
#4455=CARTESIAN_POINT('',(-2.7,0.5,6.0));
#4456=VECTOR('',#5082,3.6);
#4457=CARTESIAN_POINT('',(-2.7,1.965,3.665));
#4458=CARTESIAN_POINT('',(-2.7,1.965,4.735));
#4459=CARTESIAN_POINT('',(-2.7,1.965,3.665));
#4460=VECTOR('',#5083,1.07);
#4461=CARTESIAN_POINT('',(-2.7,3.035,4.735));
#4462=CARTESIAN_POINT('',(-2.7,1.965,4.735));
#4463=VECTOR('',#5084,1.07);
#4464=CARTESIAN_POINT('',(-2.7,3.035,3.665));
#4465=CARTESIAN_POINT('',(-2.7,3.035,3.665));
#4466=VECTOR('',#5085,1.07);
#4467=CARTESIAN_POINT('',(-2.7,1.965,3.665));
#4468=VECTOR('',#5086,1.07);
#4469=CARTESIAN_POINT('',(-2.7,-2.75,6.0));
#4470=CARTESIAN_POINT('',(-2.7,-3.7,5.05));
#4471=CARTESIAN_POINT('',(-2.7,-2.75,6.0));
#4472=VECTOR('',#5087,1.343502884254);
#4473=CARTESIAN_POINT('',(-2.7,-3.7,3.35));
#4474=CARTESIAN_POINT('',(-2.7,-3.7,5.05));
#4475=VECTOR('',#5088,1.7);
#4476=CARTESIAN_POINT('',(-2.7,-2.75,2.4));
#4477=CARTESIAN_POINT('',(-2.7,-3.7,3.35));
#4478=VECTOR('',#5089,1.343502884254);
#4479=CARTESIAN_POINT('',(-2.7,-0.1,2.4));
#4480=CARTESIAN_POINT('',(-2.7,-2.75,2.4));
#4481=VECTOR('',#5090,2.65);
#4482=CARTESIAN_POINT('',(-2.7,-0.1,6.0));
#4483=CARTESIAN_POINT('',(-2.7,-0.1,2.4));
#4484=VECTOR('',#5091,3.6);
#4485=CARTESIAN_POINT('',(-2.7,-0.1,6.0));
#4486=VECTOR('',#5092,2.65);
#4487=CARTESIAN_POINT('',(-2.7,-2.235,3.665));
#4488=CARTESIAN_POINT('',(-2.7,-2.235,4.735));
#4489=CARTESIAN_POINT('',(-2.7,-2.235,3.665));
#4490=VECTOR('',#5093,1.07);
#4491=CARTESIAN_POINT('',(-2.7,-1.165,4.735));
#4492=CARTESIAN_POINT('',(-2.7,-2.235,4.735));
#4493=VECTOR('',#5094,1.07);
#4494=CARTESIAN_POINT('',(-2.7,-1.165,3.665));
#4495=CARTESIAN_POINT('',(-2.7,-1.165,3.665));
#4496=VECTOR('',#5095,1.07);
#4497=CARTESIAN_POINT('',(-2.7,-2.235,3.665));
#4498=VECTOR('',#5096,1.07);
#4499=CARTESIAN_POINT('',(6.4,-2.75,6.0));
#4500=VECTOR('',#5097,9.1);
#4501=CARTESIAN_POINT('',(6.4,-0.1,6.0));
#4502=VECTOR('',#5098,9.1);
#4503=CARTESIAN_POINT('',(6.4,-0.1,2.4));
#4504=VECTOR('',#5099,9.1);
#4505=CARTESIAN_POINT('',(6.4,-2.75,2.4));
#4506=VECTOR('',#5100,9.1);
#4507=CARTESIAN_POINT('',(6.4,-3.7,3.35));
#4508=VECTOR('',#5101,9.1);
#4509=CARTESIAN_POINT('',(6.4,-3.7,5.05));
#4510=VECTOR('',#5102,9.1);
#4511=CARTESIAN_POINT('',(1.1,1.965,3.665));
#4512=CARTESIAN_POINT('',(-2.7,1.965,3.665));
#4513=VECTOR('',#5103,3.8);
#4514=CARTESIAN_POINT('',(1.1,3.035,3.665));
#4515=CARTESIAN_POINT('',(1.1,3.035,3.665));
#4516=VECTOR('',#5104,3.8);
#4517=CARTESIAN_POINT('',(1.1,3.035,3.665));
#4518=VECTOR('',#5105,1.07);
#4519=CARTESIAN_POINT('',(1.1,-2.235,3.665));
#4520=CARTESIAN_POINT('',(-2.7,-2.235,3.665));
#4521=VECTOR('',#5106,3.8);
#4522=CARTESIAN_POINT('',(1.1,-1.165,3.665));
#4523=CARTESIAN_POINT('',(1.1,-1.165,3.665));
#4524=VECTOR('',#5107,3.8);
#4525=CARTESIAN_POINT('',(1.1,-1.165,3.665));
#4526=VECTOR('',#5108,1.07);
#4527=CARTESIAN_POINT('',(-8.035,-2.915,3.665));
#4528=CARTESIAN_POINT('',(-8.035,-7.5,3.665));
#4529=CARTESIAN_POINT('',(-8.035,-2.915,3.665));
#4530=VECTOR('',#5109,4.585);
#4531=AXIS2_PLACEMENT_3D('',#5110,#5111,#5112);
#4532=CARTESIAN_POINT('',(-6.965,-2.915,3.665));
#4533=AXIS2_PLACEMENT_3D('',#5113,#5114,#5115);
#4534=CARTESIAN_POINT('',(-6.965,-7.5,3.665));
#4535=CARTESIAN_POINT('',(-6.965,-7.5,3.665));
#4536=VECTOR('',#5116,4.585);
#4537=CARTESIAN_POINT('',(-6.965,-7.5,3.665));
#4538=VECTOR('',#5117,1.07);
#4539=CARTESIAN_POINT('',(-13.535,1.285,3.665));
#4540=CARTESIAN_POINT('',(-13.535,-7.5,3.665));
#4541=CARTESIAN_POINT('',(-13.535,1.285,3.665));
#4542=VECTOR('',#5118,8.785);
#4543=CARTESIAN_POINT('',(-11.785,3.035,3.665));
#4544=AXIS2_PLACEMENT_3D('',#5119,#5120,#5121);
#4545=CARTESIAN_POINT('',(-6.4,3.035,3.665));
#4546=VECTOR('',#5122,5.385);
#4547=CARTESIAN_POINT('',(-11.785,1.965,3.665));
#4548=CARTESIAN_POINT('',(-11.785,1.965,3.665));
#4549=VECTOR('',#5123,5.385);
#4550=CARTESIAN_POINT('',(-12.465,1.285,3.665));
#4551=AXIS2_PLACEMENT_3D('',#5124,#5125,#5126);
#4552=CARTESIAN_POINT('',(-12.465,-7.5,3.665));
#4553=CARTESIAN_POINT('',(-12.465,-7.5,3.665));
#4554=VECTOR('',#5127,8.785);
#4555=CARTESIAN_POINT('',(-12.465,-7.5,3.665));
#4556=VECTOR('',#5128,1.07);
#4557=CARTESIAN_POINT('',(2.6,2.785,3.915));
#4558=CARTESIAN_POINT('',(2.6,2.785,3.915));
#4559=VECTOR('',#5129,1.541103500742);
#4560=CARTESIAN_POINT('',(2.6,2.215,3.915));
#4561=CARTESIAN_POINT('',(2.6,2.785,3.915));
#4562=VECTOR('',#5130,0.57);
#4563=CARTESIAN_POINT('',(2.6,2.215,3.915));
#4564=VECTOR('',#5131,1.541103500742);
#4565=CARTESIAN_POINT('',(2.6,2.215,4.485));
#4566=CARTESIAN_POINT('',(2.6,2.215,4.485));
#4567=VECTOR('',#5132,0.57);
#4568=CARTESIAN_POINT('',(1.1,1.965,4.735));
#4569=CARTESIAN_POINT('',(2.6,2.215,4.485));
#4570=VECTOR('',#5133,1.541103500742);
#4571=CARTESIAN_POINT('',(1.1,1.965,4.735));
#4572=VECTOR('',#5134,1.07);
#4573=CARTESIAN_POINT('',(-11.785,1.965,4.735));
#4574=CARTESIAN_POINT('',(-11.785,1.965,4.735));
#4575=VECTOR('',#5135,5.385);
#4576=CARTESIAN_POINT('',(-11.785,1.965,3.665));
#4577=VECTOR('',#5136,1.07);
#4578=CARTESIAN_POINT('',(-2.7,1.965,4.735));
#4579=VECTOR('',#5137,3.8);
#4580=CARTESIAN_POINT('',(-12.465,1.285,4.735));
#4581=AXIS2_PLACEMENT_3D('',#5138,#5139,#5140);
#4582=CARTESIAN_POINT('',(-12.465,1.285,3.665));
#4583=VECTOR('',#5141,1.07);
#4584=CARTESIAN_POINT('',(-12.465,-7.5,4.735));
#4585=CARTESIAN_POINT('',(-12.465,-7.5,4.735));
#4586=VECTOR('',#5142,8.785);
#4587=CARTESIAN_POINT('',(-12.465,-7.5,4.735));
#4588=VECTOR('',#5143,1.07);
#4589=CARTESIAN_POINT('',(-12.715,-9.0,4.485));
#4590=CARTESIAN_POINT('',(-12.465,-7.5,4.735));
#4591=VECTOR('',#5144,1.541103500742);
#4592=CARTESIAN_POINT('',(-12.715,-9.0,3.915));
#4593=CARTESIAN_POINT('',(-12.715,-9.0,4.485));
#4594=VECTOR('',#5145,0.57);
#4595=CARTESIAN_POINT('',(-12.715,-9.0,3.915));
#4596=VECTOR('',#5146,1.541103500742);
#4597=CARTESIAN_POINT('',(-13.285,-9.0,3.915));
#4598=CARTESIAN_POINT('',(-12.715,-9.0,3.915));
#4599=VECTOR('',#5147,0.57);
#4600=CARTESIAN_POINT('',(-13.285,-9.0,3.915));
#4601=VECTOR('',#5148,1.541103500742);
#4602=CARTESIAN_POINT('',(-13.285,-9.0,4.485));
#4603=CARTESIAN_POINT('',(-13.285,-9.0,4.485));
#4604=VECTOR('',#5149,0.57);
#4605=CARTESIAN_POINT('',(-13.535,-7.5,4.735));
#4606=CARTESIAN_POINT('',(-13.285,-9.0,4.485));
#4607=VECTOR('',#5150,1.541103500742);
#4608=CARTESIAN_POINT('',(-13.535,-7.5,4.735));
#4609=VECTOR('',#5151,1.07);
#4610=CARTESIAN_POINT('',(-13.535,1.285,4.735));
#4611=CARTESIAN_POINT('',(-13.535,1.285,4.735));
#4612=VECTOR('',#5152,8.785);
#4613=CARTESIAN_POINT('',(-13.535,1.285,3.665));
#4614=VECTOR('',#5153,1.07);
#4615=CARTESIAN_POINT('',(-11.785,3.035,4.735));
#4616=AXIS2_PLACEMENT_3D('',#5154,#5155,#5156);
#4617=CARTESIAN_POINT('',(-11.785,3.035,3.665));
#4618=VECTOR('',#5157,1.07);
#4619=CARTESIAN_POINT('',(-6.4,3.035,4.735));
#4620=VECTOR('',#5158,5.385);
#4621=CARTESIAN_POINT('',(1.1,3.035,4.735));
#4622=CARTESIAN_POINT('',(1.1,3.035,4.735));
#4623=VECTOR('',#5159,3.8);
#4624=CARTESIAN_POINT('',(1.1,3.035,4.735));
#4625=VECTOR('',#5160,1.07);
#4626=CARTESIAN_POINT('',(1.1,1.965,4.735));
#4627=VECTOR('',#5161,1.07);
#4628=CARTESIAN_POINT('',(1.1,-1.165,4.735));
#4629=CARTESIAN_POINT('',(1.1,-1.165,4.735));
#4630=VECTOR('',#5162,3.8);
#4631=CARTESIAN_POINT('',(1.1,-2.235,4.735));
#4632=CARTESIAN_POINT('',(-2.7,-2.235,4.735));
#4633=VECTOR('',#5163,3.8);
#4634=CARTESIAN_POINT('',(1.1,-2.235,4.735));
#4635=VECTOR('',#5164,1.07);
#4636=CARTESIAN_POINT('',(-6.965,-7.5,4.735));
#4637=CARTESIAN_POINT('',(-6.965,-2.915,4.735));
#4638=CARTESIAN_POINT('',(-6.965,-7.5,4.735));
#4639=VECTOR('',#5165,4.585);
#4640=AXIS2_PLACEMENT_3D('',#5166,#5167,#5168);
#4641=CARTESIAN_POINT('',(-8.035,-2.915,4.735));
#4642=AXIS2_PLACEMENT_3D('',#5169,#5170,#5171);
#4643=CARTESIAN_POINT('',(-8.035,-7.5,4.735));
#4644=CARTESIAN_POINT('',(-8.035,-2.915,4.735));
#4645=VECTOR('',#5172,4.585);
#4646=CARTESIAN_POINT('',(-8.035,-7.5,4.735));
#4647=VECTOR('',#5173,1.07);
#4648=CARTESIAN_POINT('',(-13.535,-7.5,4.735));
#4649=VECTOR('',#5174,1.07);
#4650=CARTESIAN_POINT('',(2.6,2.785,4.485));
#4651=CARTESIAN_POINT('',(1.1,3.035,4.735));
#4652=VECTOR('',#5175,1.541103500742);
#4653=CARTESIAN_POINT('',(2.6,2.215,4.485));
#4654=VECTOR('',#5176,0.57);
#4655=CARTESIAN_POINT('',(2.6,2.785,4.485));
#4656=VECTOR('',#5177,0.57);
#4657=CARTESIAN_POINT('',(2.6,-1.415,4.485));
#4658=CARTESIAN_POINT('',(2.6,-1.415,4.485));
#4659=VECTOR('',#5178,1.541103500742);
#4660=CARTESIAN_POINT('',(2.6,-1.985,4.485));
#4661=CARTESIAN_POINT('',(2.6,-1.985,4.485));
#4662=VECTOR('',#5179,1.541103500742);
#4663=CARTESIAN_POINT('',(2.6,-1.985,4.485));
#4664=VECTOR('',#5180,0.57);
#4665=CARTESIAN_POINT('',(2.6,-1.985,3.915));
#4666=CARTESIAN_POINT('',(2.6,-1.985,4.485));
#4667=VECTOR('',#5181,0.57);
#4668=CARTESIAN_POINT('',(2.6,-1.415,3.915));
#4669=CARTESIAN_POINT('',(2.6,-1.415,3.915));
#4670=VECTOR('',#5182,0.57);
#4671=CARTESIAN_POINT('',(2.6,-1.415,4.485));
#4672=VECTOR('',#5183,0.57);
#4673=CARTESIAN_POINT('',(2.6,-1.415,3.915));
#4674=VECTOR('',#5184,1.541103500742);
#4675=CARTESIAN_POINT('',(1.1,-1.165,4.735));
#4676=VECTOR('',#5185,1.07);
#4677=CARTESIAN_POINT('',(2.6,-1.985,3.915));
#4678=VECTOR('',#5186,1.541103500742);
#4679=CARTESIAN_POINT('',(1.1,-2.235,4.735));
#4680=VECTOR('',#5187,1.07);
#4681=CARTESIAN_POINT('',(-7.215,-9.0,4.485));
#4682=CARTESIAN_POINT('',(-6.965,-7.5,4.735));
#4683=VECTOR('',#5188,1.541103500742);
#4684=CARTESIAN_POINT('',(-7.785,-9.0,4.485));
#4685=CARTESIAN_POINT('',(-7.785,-9.0,4.485));
#4686=VECTOR('',#5189,1.541103500742);
#4687=CARTESIAN_POINT('',(-7.785,-9.0,4.485));
#4688=VECTOR('',#5190,0.57);
#4689=CARTESIAN_POINT('',(-7.785,-9.0,3.915));
#4690=CARTESIAN_POINT('',(-7.785,-9.0,4.485));
#4691=VECTOR('',#5191,0.57);
#4692=CARTESIAN_POINT('',(-7.215,-9.0,3.915));
#4693=CARTESIAN_POINT('',(-7.215,-9.0,3.915));
#4694=VECTOR('',#5192,0.57);
#4695=CARTESIAN_POINT('',(-7.215,-9.0,4.485));
#4696=VECTOR('',#5193,0.57);
#4697=CARTESIAN_POINT('',(-7.215,-9.0,3.915));
#4698=VECTOR('',#5194,1.541103500742);
#4699=CARTESIAN_POINT('',(-6.965,-7.5,4.735));
#4700=VECTOR('',#5195,1.07);
#4701=CARTESIAN_POINT('',(-6.965,-2.915,3.665));
#4702=VECTOR('',#5196,1.07);
#4703=CARTESIAN_POINT('',(-7.785,-9.0,3.915));
#4704=VECTOR('',#5197,1.541103500742);
#4705=CARTESIAN_POINT('',(-8.035,-7.5,4.735));
#4706=VECTOR('',#5198,1.07);
#4707=CARTESIAN_POINT('',(-8.035,-2.915,3.665));
#4708=VECTOR('',#5199,1.07);
#4709=CARTESIAN_POINT('',(-13.285,-9.0,4.485));
#4710=VECTOR('',#5200,0.57);
#4711=CARTESIAN_POINT('',(3.35,6.4,1.7));
#4712=CARTESIAN_POINT('',(4.05,6.4,1.7));
#4713=VECTOR('',#5201,0.7);
#4714=CARTESIAN_POINT('',(3.35,6.4,1.7));
#4715=VECTOR('',#5202,1.4);
#4716=CARTESIAN_POINT('',(3.35,6.4,-1.7));
#4717=VECTOR('',#5203,3.4);
#4718=DIRECTION('',(1.0,-0.0,0.0));
#4719=CARTESIAN_POINT('',(-5.9,-2.25,-6.9));
#4720=DIRECTION('',(-1.0,0.0,0.0));
#4721=DIRECTION('',(0.0,1.0,0.0));
#4722=DIRECTION('',(-1.0,0.0,0.0));
#4723=CARTESIAN_POINT('',(6.4,-2.25,-6.9));
#4724=DIRECTION('',(-1.0,0.0,0.0));
#4725=DIRECTION('',(0.0,1.0,0.0));
#4726=DIRECTION('',(0.0,0.0,1.0));
#4727=DIRECTION('',(0.0,1.0,0.0));
#4728=DIRECTION('',(0.0,0.0,-1.0));
#4729=DIRECTION('',(0.0,-1.0,0.0));
#4730=DIRECTION('',(0.0,0.0,-1.0));
#4731=DIRECTION('',(0.0,1.0,0.0));
#4732=DIRECTION('',(0.0,0.0,-1.0));
#4733=DIRECTION('',(0.0,-1.0,0.0));
#4734=DIRECTION('',(0.0,0.0,1.0));
#4735=DIRECTION('',(0.0,1.0,0.0));
#4736=DIRECTION('',(0.0,0.0,1.0));
#4737=DIRECTION('',(0.0,1.0,0.0));
#4738=DIRECTION('',(0.0,0.0,1.0));
#4739=DIRECTION('',(0.0,1.0,0.0));
#4740=DIRECTION('',(0.0,0.0,1.0));
#4741=DIRECTION('',(0.0,1.0,0.0));
#4742=DIRECTION('',(0.0,0.0,1.0));
#4743=DIRECTION('',(0.0,1.0,0.0));
#4744=DIRECTION('',(0.0,0.0,1.0));
#4745=DIRECTION('',(0.0,1.0,0.0));
#4746=DIRECTION('',(0.0,0.0,1.0));
#4747=DIRECTION('',(0.0,1.0,0.0));
#4748=DIRECTION('',(0.0,0.0,1.0));
#4749=DIRECTION('',(0.0,1.0,0.0));
#4750=DIRECTION('',(0.0,0.0,1.0));
#4751=DIRECTION('',(0.0,1.0,0.0));
#4752=DIRECTION('',(0.0,0.0,1.0));
#4753=DIRECTION('',(0.0,1.0,0.0));
#4754=DIRECTION('',(0.0,0.0,1.0));
#4755=DIRECTION('',(0.0,1.0,0.0));
#4756=DIRECTION('',(0.0,0.0,1.0));
#4757=DIRECTION('',(0.0,1.0,0.0));
#4758=DIRECTION('',(1.0,0.0,0.0));
#4759=DIRECTION('',(0.0,-1.0,0.0));
#4760=DIRECTION('',(1.0,0.0,0.0));
#4761=DIRECTION('',(0.0,0.0,1.0));
#4762=DIRECTION('',(1.0,0.0,0.0));
#4763=DIRECTION('',(0.0,0.0,1.0));
#4764=DIRECTION('',(-1.0,0.0,0.0));
#4765=DIRECTION('',(0.0,0.0,1.0));
#4766=DIRECTION('',(-1.0,0.0,0.0));
#4767=DIRECTION('',(0.0,-1.0,0.0));
#4768=DIRECTION('',(-1.0,0.0,0.0));
#4769=DIRECTION('',(-0.859101543908758,0.511805175094575,0.0));
#4770=DIRECTION('',(0.0,0.0,1.0));
#4771=DIRECTION('',(-0.859101543908758,0.511805175094575,0.0));
#4772=DIRECTION('',(0.0,0.0,1.0));
#4773=DIRECTION('',(0.0,0.0,-1.0));
#4774=DIRECTION('',(0.0,1.0,0.0));
#4775=DIRECTION('',(0.0,0.0,-1.0));
#4776=DIRECTION('',(0.0,-1.0,0.0));
#4777=DIRECTION('',(0.0,0.0,-1.0));
#4778=DIRECTION('',(0.0,1.0,0.0));
#4779=CARTESIAN_POINT('',(6.4,-2.25,-6.9));
#4780=DIRECTION('',(-1.0,0.0,0.0));
#4781=DIRECTION('',(0.0,1.0,0.0));
#4782=DIRECTION('',(0.0,1.0,0.0));
#4783=DIRECTION('',(0.0,0.0,1.0));
#4784=DIRECTION('',(0.0,1.0,0.0));
#4785=DIRECTION('',(0.0,0.707106781186548,-0.707106781186548));
#4786=DIRECTION('',(0.0,0.0,-1.0));
#4787=DIRECTION('',(0.0,-0.707106781186548,-0.707106781186548));
#4788=DIRECTION('',(0.0,-1.0,0.0));
#4789=DIRECTION('',(0.0,0.0,1.0));
#4790=DIRECTION('',(0.0,1.0,0.0));
#4791=DIRECTION('',(0.0,0.0,-1.0));
#4792=DIRECTION('',(0.0,-1.0,0.0));
#4793=DIRECTION('',(0.0,0.0,1.0));
#4794=DIRECTION('',(0.0,1.0,0.0));
#4795=DIRECTION('',(0.0,0.0,-1.0));
#4796=DIRECTION('',(0.0,-1.0,0.0));
#4797=DIRECTION('',(0.0,0.0,1.0));
#4798=DIRECTION('',(0.0,1.0,0.0));
#4799=DIRECTION('',(0.0,0.707106781186548,-0.707106781186548));
#4800=DIRECTION('',(0.0,0.0,-1.0));
#4801=DIRECTION('',(0.0,-0.707106781186548,-0.707106781186548));
#4802=DIRECTION('',(0.0,-1.0,0.0));
#4803=DIRECTION('',(0.0,0.0,1.0));
#4804=DIRECTION('',(0.0,1.0,0.0));
#4805=DIRECTION('',(0.0,0.0,-1.0));
#4806=DIRECTION('',(0.0,-1.0,0.0));
#4807=DIRECTION('',(0.0,0.0,1.0));
#4808=DIRECTION('',(0.0,1.0,0.0));
#4809=DIRECTION('',(0.0,0.707106781186548,-0.707106781186548));
#4810=DIRECTION('',(0.0,0.0,-1.0));
#4811=DIRECTION('',(0.0,-0.707106781186548,-0.707106781186548));
#4812=DIRECTION('',(0.0,-1.0,0.0));
#4813=DIRECTION('',(-1.0,0.0,0.0));
#4814=DIRECTION('',(1.0,0.0,0.0));
#4815=DIRECTION('',(0.0,1.0,0.0));
#4816=CARTESIAN_POINT('',(-5.9,-2.25,-6.9));
#4817=DIRECTION('',(-1.0,0.0,0.0));
#4818=DIRECTION('',(0.0,1.0,0.0));
#4819=DIRECTION('',(1.0,0.0,0.0));
#4820=DIRECTION('',(1.0,0.0,0.0));
#4821=DIRECTION('',(1.0,0.0,0.0));
#4822=DIRECTION('',(1.0,0.0,0.0));
#4823=DIRECTION('',(-1.0,0.0,0.0));
#4824=DIRECTION('',(0.0,-1.0,0.0));
#4825=DIRECTION('',(-1.0,0.0,0.0));
#4826=DIRECTION('',(0.0,0.0,1.0));
#4827=DIRECTION('',(-1.0,0.0,0.0));
#4828=DIRECTION('',(0.0,1.0,0.0));
#4829=DIRECTION('',(-1.0,0.0,0.0));
#4830=DIRECTION('',(0.0,0.707106781186548,-0.707106781186548));
#4831=DIRECTION('',(-1.0,0.0,0.0));
#4832=DIRECTION('',(0.0,0.0,-1.0));
#4833=DIRECTION('',(-1.0,0.0,0.0));
#4834=DIRECTION('',(0.0,-0.707106781186548,-0.707106781186548));
#4835=DIRECTION('',(0.0,0.0,1.0));
#4836=DIRECTION('',(0.0,1.0,0.0));
#4837=DIRECTION('',(0.0,0.0,1.0));
#4838=DIRECTION('',(0.0,1.0,0.0));
#4839=DIRECTION('',(0.0,0.0,-1.0));
#4840=DIRECTION('',(0.0,1.0,0.0));
#4841=DIRECTION('',(0.0,0.0,1.0));
#4842=DIRECTION('',(0.0,-1.0,0.0));
#4843=DIRECTION('',(0.0,0.0,1.0));
#4844=DIRECTION('',(0.0,1.0,0.0));
#4845=DIRECTION('',(0.0,0.0,1.0));
#4846=DIRECTION('',(0.0,1.0,0.0));
#4847=DIRECTION('',(-1.0,0.0,0.0));
#4848=DIRECTION('',(-1.0,0.0,0.0));
#4849=DIRECTION('',(-1.0,0.0,0.0));
#4850=DIRECTION('',(-1.0,0.0,0.0));
#4851=DIRECTION('',(1.0,0.0,0.0));
#4852=DIRECTION('',(-1.0,0.0,0.0));
#4853=DIRECTION('',(0.0,-1.0,0.0));
#4854=DIRECTION('',(1.0,0.0,0.0));
#4855=DIRECTION('',(-1.0,0.0,0.0));
#4856=DIRECTION('',(0.0,-1.0,0.0));
#4857=DIRECTION('',(0.0,-1.0,0.0));
#4858=CARTESIAN_POINT('',(-6.285,-2.915,-4.735));
#4859=DIRECTION('',(0.0,0.0,1.0));
#4860=DIRECTION('',(-0.06571428571429,0.9978384802427,0.0));
#4861=CARTESIAN_POINT('',(-6.285,-2.915,-4.735));
#4862=DIRECTION('',(0.0,0.0,-1.0));
#4863=DIRECTION('',(-1.0,0.0,0.0));
#4864=DIRECTION('',(0.0,1.0,0.0));
#4865=DIRECTION('',(-1.0,0.0,0.0));
#4866=DIRECTION('',(0.0,-1.0,0.0));
#4867=CARTESIAN_POINT('',(-11.785,1.285,-4.735));
#4868=DIRECTION('',(0.0,-0.0,1.0));
#4869=DIRECTION('',(0.0,1.0,0.0));
#4870=DIRECTION('',(-1.0,0.0,0.0));
#4871=DIRECTION('',(1.0,0.0,0.0));
#4872=CARTESIAN_POINT('',(-11.785,1.285,-4.735));
#4873=DIRECTION('',(0.0,0.0,-1.0));
#4874=DIRECTION('',(-1.0,0.0,0.0));
#4875=DIRECTION('',(0.0,1.0,0.0));
#4876=DIRECTION('',(-1.0,0.0,0.0));
#4877=DIRECTION('',(-0.973328526784565,0.162221421130794,-0.162221421130794));
#4878=DIRECTION('',(0.0,-1.0,0.0));
#4879=DIRECTION('',(-0.973328526784565,-0.162221421130794,-0.162221421130794));
#4880=DIRECTION('',(0.0,0.0,-1.0));
#4881=DIRECTION('',(-0.973328526784565,-0.162221421130794,0.162221421130794));
#4882=DIRECTION('',(0.0,0.0,-1.0));
#4883=DIRECTION('',(1.0,0.0,0.0));
#4884=DIRECTION('',(0.0,0.0,1.0));
#4885=DIRECTION('',(1.0,0.0,0.0));
#4886=CARTESIAN_POINT('',(-11.785,1.285,-3.665));
#4887=DIRECTION('',(0.0,0.0,-1.0));
#4888=DIRECTION('',(-1.0,0.0,0.0));
#4889=DIRECTION('',(0.0,0.0,1.0));
#4890=DIRECTION('',(0.0,1.0,0.0));
#4891=DIRECTION('',(0.0,0.0,-1.0));
#4892=DIRECTION('',(-0.162221421130794,-0.973328526784565,-0.162221421130794));
#4893=DIRECTION('',(0.0,0.0,-1.0));
#4894=DIRECTION('',(0.162221421130794,0.973328526784565,-0.162221421130794));
#4895=DIRECTION('',(-1.0,0.0,0.0));
#4896=DIRECTION('',(-0.162221421130794,0.973328526784565,-0.162221421130794));
#4897=DIRECTION('',(0.0,0.0,-1.0));
#4898=DIRECTION('',(-0.162221421130794,0.973328526784565,0.162221421130794));
#4899=DIRECTION('',(0.0,0.0,-1.0));
#4900=DIRECTION('',(0.0,-1.0,0.0));
#4901=DIRECTION('',(0.0,0.0,1.0));
#4902=CARTESIAN_POINT('',(-11.785,1.285,-3.665));
#4903=DIRECTION('',(0.0,-0.0,1.0));
#4904=DIRECTION('',(0.0,1.0,0.0));
#4905=DIRECTION('',(0.0,0.0,1.0));
#4906=DIRECTION('',(-1.0,0.0,0.0));
#4907=DIRECTION('',(-1.0,0.0,0.0));
#4908=DIRECTION('',(0.0,0.0,-1.0));
#4909=DIRECTION('',(0.0,1.0,0.0));
#4910=DIRECTION('',(-1.0,0.0,0.0));
#4911=DIRECTION('',(1.0,0.0,0.0));
#4912=DIRECTION('',(0.0,1.0,0.0));
#4913=DIRECTION('',(0.0,1.0,0.0));
#4914=CARTESIAN_POINT('',(-6.285,-2.915,-3.665));
#4915=DIRECTION('',(0.0,0.0,-1.0));
#4916=DIRECTION('',(-1.0,0.0,0.0));
#4917=CARTESIAN_POINT('',(-6.285,-2.915,-3.665));
#4918=DIRECTION('',(0.0,0.0,1.0));
#4919=DIRECTION('',(-0.06571428571429,0.9978384802427,0.0));
#4920=DIRECTION('',(0.0,-1.0,0.0));
#4921=DIRECTION('',(1.0,0.0,0.0));
#4922=DIRECTION('',(1.0,0.0,0.0));
#4923=DIRECTION('',(0.973328526784565,-0.162221421130794,-0.162221421130794));
#4924=DIRECTION('',(0.0,1.0,0.0));
#4925=DIRECTION('',(0.0,0.0,-1.0));
#4926=DIRECTION('',(-0.973328526784565,0.162221421130794,0.162221421130794));
#4927=DIRECTION('',(-0.973328526784565,-0.162221421130794,0.162221421130794));
#4928=DIRECTION('',(0.0,1.0,0.0));
#4929=DIRECTION('',(0.0,0.0,-1.0));
#4930=DIRECTION('',(0.0,-1.0,0.0));
#4931=DIRECTION('',(0.0,0.0,-1.0));
#4932=DIRECTION('',(-0.973328526784565,0.162221421130794,-0.162221421130794));
#4933=DIRECTION('',(0.0,0.0,-1.0));
#4934=DIRECTION('',(-0.973328526784565,-0.162221421130794,-0.162221421130794));
#4935=DIRECTION('',(0.0,0.0,-1.0));
#4936=DIRECTION('',(-0.162221421130794,-0.973328526784565,-0.162221421130794));
#4937=DIRECTION('',(-0.162221421130794,0.973328526784565,0.162221421130794));
#4938=DIRECTION('',(1.0,0.0,0.0));
#4939=DIRECTION('',(0.0,0.0,-1.0));
#4940=DIRECTION('',(-1.0,0.0,0.0));
#4941=DIRECTION('',(0.0,0.0,-1.0));
#4942=DIRECTION('',(0.162221421130794,0.973328526784565,-0.162221421130794));
#4943=DIRECTION('',(0.0,0.0,-1.0));
#4944=DIRECTION('',(0.0,0.0,1.0));
#4945=DIRECTION('',(-0.162221421130794,0.973328526784565,-0.162221421130794));
#4946=DIRECTION('',(0.0,0.0,-1.0));
#4947=DIRECTION('',(0.0,0.0,1.0));
#4948=DIRECTION('',(1.0,0.0,0.0));
#4949=DIRECTION('',(-1.0,0.0,0.0));
#4950=DIRECTION('',(0.0,-1.0,0.0));
#4951=DIRECTION('',(-1.0,0.0,0.0));
#4952=DIRECTION('',(0.0,0.0,1.0));
#4953=DIRECTION('',(-1.0,0.0,0.0));
#4954=DIRECTION('',(0.0,1.0,0.0));
#4955=DIRECTION('',(-1.0,0.0,0.0));
#4956=DIRECTION('',(0.0,0.0,-1.0));
#4957=DIRECTION('',(0.0,0.0,1.0));
#4958=DIRECTION('',(0.0,1.0,0.0));
#4959=DIRECTION('',(0.0,0.0,1.0));
#4960=DIRECTION('',(0.0,1.0,0.0));
#4961=DIRECTION('',(0.0,-0.707106781186548,-0.707106781186548));
#4962=DIRECTION('',(0.0,0.0,-1.0));
#4963=DIRECTION('',(0.0,0.707106781186548,-0.707106781186548));
#4964=DIRECTION('',(0.0,1.0,0.0));
#4965=DIRECTION('',(0.0,0.0,1.0));
#4966=DIRECTION('',(0.0,-1.0,0.0));
#4967=DIRECTION('',(0.0,0.0,1.0));
#4968=DIRECTION('',(0.0,1.0,0.0));
#4969=DIRECTION('',(0.0,0.0,1.0));
#4970=DIRECTION('',(0.0,1.0,0.0));
#4971=DIRECTION('',(-1.0,0.0,0.0));
#4972=DIRECTION('',(-1.0,0.0,0.0));
#4973=DIRECTION('',(-1.0,0.0,0.0));
#4974=DIRECTION('',(-1.0,0.0,0.0));
#4975=DIRECTION('',(-1.0,0.0,0.0));
#4976=DIRECTION('',(-1.0,0.0,0.0));
#4977=DIRECTION('',(1.0,0.0,0.0));
#4978=DIRECTION('',(-1.0,0.0,0.0));
#4979=DIRECTION('',(0.0,-1.0,0.0));
#4980=DIRECTION('',(1.0,0.0,0.0));
#4981=DIRECTION('',(-1.0,0.0,0.0));
#4982=DIRECTION('',(0.0,-1.0,0.0));
#4983=DIRECTION('',(0.0,-1.0,0.0));
#4984=CARTESIAN_POINT('',(-6.285,-2.915,-0.535));
#4985=DIRECTION('',(0.0,0.0,1.0));
#4986=DIRECTION('',(-0.06571428571429,0.9978384802427,0.0));
#4987=CARTESIAN_POINT('',(-6.285,-2.915,-0.535));
#4988=DIRECTION('',(0.0,0.0,-1.0));
#4989=DIRECTION('',(-1.0,0.0,0.0));
#4990=DIRECTION('',(0.0,1.0,0.0));
#4991=DIRECTION('',(-1.0,0.0,0.0));
#4992=DIRECTION('',(0.0,-1.0,0.0));
#4993=CARTESIAN_POINT('',(-11.785,1.285,-0.535));
#4994=DIRECTION('',(0.0,-0.0,1.0));
#4995=DIRECTION('',(0.0,1.0,0.0));
#4996=DIRECTION('',(-1.0,0.0,0.0));
#4997=DIRECTION('',(1.0,0.0,0.0));
#4998=CARTESIAN_POINT('',(-11.785,1.285,-0.535));
#4999=DIRECTION('',(0.0,0.0,-1.0));
#5000=DIRECTION('',(-1.0,0.0,0.0));
#5001=DIRECTION('',(0.0,1.0,0.0));
#5002=DIRECTION('',(-1.0,0.0,0.0));
#5003=DIRECTION('',(-0.973328526784565,0.162221421130794,-0.162221421130794));
#5004=DIRECTION('',(0.0,-1.0,0.0));
#5005=DIRECTION('',(-0.973328526784565,-0.162221421130794,-0.162221421130794));
#5006=DIRECTION('',(0.0,0.0,-1.0));
#5007=DIRECTION('',(-0.973328526784565,-0.162221421130794,0.162221421130794));
#5008=DIRECTION('',(0.0,0.0,-1.0));
#5009=DIRECTION('',(1.0,0.0,0.0));
#5010=DIRECTION('',(0.0,0.0,1.0));
#5011=DIRECTION('',(1.0,0.0,0.0));
#5012=CARTESIAN_POINT('',(-11.785,1.285,0.535));
#5013=DIRECTION('',(0.0,0.0,-1.0));
#5014=DIRECTION('',(-1.0,0.0,0.0));
#5015=DIRECTION('',(0.0,0.0,1.0));
#5016=DIRECTION('',(0.0,1.0,0.0));
#5017=DIRECTION('',(0.0,0.0,-1.0));
#5018=DIRECTION('',(-0.162221421130794,-0.973328526784565,-0.162221421130794));
#5019=DIRECTION('',(0.0,0.0,-1.0));
#5020=DIRECTION('',(0.162221421130794,0.973328526784565,-0.162221421130794));
#5021=DIRECTION('',(-1.0,0.0,0.0));
#5022=DIRECTION('',(-0.162221421130794,0.973328526784565,-0.162221421130794));
#5023=DIRECTION('',(0.0,0.0,-1.0));
#5024=DIRECTION('',(-0.162221421130794,0.973328526784565,0.162221421130794));
#5025=DIRECTION('',(0.0,0.0,-1.0));
#5026=DIRECTION('',(0.0,-1.0,0.0));
#5027=DIRECTION('',(0.0,0.0,1.0));
#5028=CARTESIAN_POINT('',(-11.785,1.285,0.535));
#5029=DIRECTION('',(0.0,-0.0,1.0));
#5030=DIRECTION('',(0.0,1.0,0.0));
#5031=DIRECTION('',(0.0,0.0,1.0));
#5032=DIRECTION('',(-1.0,0.0,0.0));
#5033=DIRECTION('',(-1.0,0.0,0.0));
#5034=DIRECTION('',(0.0,0.0,-1.0));
#5035=DIRECTION('',(0.0,1.0,0.0));
#5036=DIRECTION('',(-1.0,0.0,0.0));
#5037=DIRECTION('',(1.0,0.0,0.0));
#5038=DIRECTION('',(0.0,1.0,0.0));
#5039=DIRECTION('',(0.0,1.0,0.0));
#5040=CARTESIAN_POINT('',(-6.285,-2.915,0.535));
#5041=DIRECTION('',(0.0,0.0,-1.0));
#5042=DIRECTION('',(-1.0,0.0,0.0));
#5043=CARTESIAN_POINT('',(-6.285,-2.915,0.535));
#5044=DIRECTION('',(0.0,0.0,1.0));
#5045=DIRECTION('',(-0.06571428571429,0.9978384802427,0.0));
#5046=DIRECTION('',(0.0,-1.0,0.0));
#5047=DIRECTION('',(1.0,0.0,0.0));
#5048=DIRECTION('',(1.0,0.0,0.0));
#5049=DIRECTION('',(0.973328526784565,-0.162221421130794,-0.162221421130794));
#5050=DIRECTION('',(0.0,1.0,0.0));
#5051=DIRECTION('',(0.0,0.0,-1.0));
#5052=DIRECTION('',(-0.973328526784565,0.162221421130794,0.162221421130794));
#5053=DIRECTION('',(-0.973328526784565,-0.162221421130794,0.162221421130794));
#5054=DIRECTION('',(0.0,1.0,0.0));
#5055=DIRECTION('',(0.0,0.0,-1.0));
#5056=DIRECTION('',(0.0,-1.0,0.0));
#5057=DIRECTION('',(0.0,0.0,-1.0));
#5058=DIRECTION('',(-0.973328526784565,0.162221421130794,-0.162221421130794));
#5059=DIRECTION('',(0.0,0.0,-1.0));
#5060=DIRECTION('',(-0.973328526784565,-0.162221421130794,-0.162221421130794));
#5061=DIRECTION('',(0.0,0.0,-1.0));
#5062=DIRECTION('',(-0.162221421130794,-0.973328526784565,-0.162221421130794));
#5063=DIRECTION('',(-0.162221421130794,0.973328526784565,0.162221421130794));
#5064=DIRECTION('',(1.0,0.0,0.0));
#5065=DIRECTION('',(0.0,0.0,-1.0));
#5066=DIRECTION('',(-1.0,0.0,0.0));
#5067=DIRECTION('',(0.0,0.0,-1.0));
#5068=DIRECTION('',(0.162221421130794,0.973328526784565,-0.162221421130794));
#5069=DIRECTION('',(0.0,0.0,-1.0));
#5070=DIRECTION('',(0.0,0.0,1.0));
#5071=DIRECTION('',(-0.162221421130794,0.973328526784565,-0.162221421130794));
#5072=DIRECTION('',(0.0,0.0,-1.0));
#5073=DIRECTION('',(0.0,0.0,1.0));
#5074=DIRECTION('',(1.0,0.0,0.0));
#5075=DIRECTION('',(-1.0,0.0,0.0));
#5076=DIRECTION('',(0.0,-1.0,0.0));
#5077=DIRECTION('',(-1.0,0.0,0.0));
#5078=DIRECTION('',(0.0,0.0,1.0));
#5079=DIRECTION('',(-1.0,0.0,0.0));
#5080=DIRECTION('',(0.0,1.0,0.0));
#5081=DIRECTION('',(-1.0,0.0,0.0));
#5082=DIRECTION('',(0.0,0.0,-1.0));
#5083=DIRECTION('',(0.0,0.0,1.0));
#5084=DIRECTION('',(0.0,1.0,0.0));
#5085=DIRECTION('',(0.0,0.0,1.0));
#5086=DIRECTION('',(0.0,1.0,0.0));
#5087=DIRECTION('',(0.0,-0.707106781186548,-0.707106781186548));
#5088=DIRECTION('',(0.0,0.0,-1.0));
#5089=DIRECTION('',(0.0,0.707106781186548,-0.707106781186548));
#5090=DIRECTION('',(0.0,1.0,0.0));
#5091=DIRECTION('',(0.0,0.0,1.0));
#5092=DIRECTION('',(0.0,-1.0,0.0));
#5093=DIRECTION('',(0.0,0.0,1.0));
#5094=DIRECTION('',(0.0,1.0,0.0));
#5095=DIRECTION('',(0.0,0.0,1.0));
#5096=DIRECTION('',(0.0,1.0,0.0));
#5097=DIRECTION('',(-1.0,0.0,0.0));
#5098=DIRECTION('',(-1.0,0.0,0.0));
#5099=DIRECTION('',(-1.0,0.0,0.0));
#5100=DIRECTION('',(-1.0,0.0,0.0));
#5101=DIRECTION('',(-1.0,0.0,0.0));
#5102=DIRECTION('',(-1.0,0.0,0.0));
#5103=DIRECTION('',(1.0,0.0,0.0));
#5104=DIRECTION('',(-1.0,0.0,0.0));
#5105=DIRECTION('',(0.0,-1.0,0.0));
#5106=DIRECTION('',(1.0,0.0,0.0));
#5107=DIRECTION('',(-1.0,0.0,0.0));
#5108=DIRECTION('',(0.0,-1.0,0.0));
#5109=DIRECTION('',(0.0,-1.0,0.0));
#5110=CARTESIAN_POINT('',(-6.285,-2.915,3.665));
#5111=DIRECTION('',(0.0,0.0,1.0));
#5112=DIRECTION('',(-0.06571428571429,0.9978384802427,0.0));
#5113=CARTESIAN_POINT('',(-6.285,-2.915,3.665));
#5114=DIRECTION('',(0.0,0.0,-1.0));
#5115=DIRECTION('',(-1.0,0.0,0.0));
#5116=DIRECTION('',(0.0,1.0,0.0));
#5117=DIRECTION('',(-1.0,0.0,0.0));
#5118=DIRECTION('',(0.0,-1.0,0.0));
#5119=CARTESIAN_POINT('',(-11.785,1.285,3.665));
#5120=DIRECTION('',(0.0,-0.0,1.0));
#5121=DIRECTION('',(0.0,1.0,0.0));
#5122=DIRECTION('',(-1.0,0.0,0.0));
#5123=DIRECTION('',(1.0,0.0,0.0));
#5124=CARTESIAN_POINT('',(-11.785,1.285,3.665));
#5125=DIRECTION('',(0.0,0.0,-1.0));
#5126=DIRECTION('',(-1.0,0.0,0.0));
#5127=DIRECTION('',(0.0,1.0,0.0));
#5128=DIRECTION('',(-1.0,0.0,0.0));
#5129=DIRECTION('',(-0.973328526784565,0.162221421130794,-0.162221421130794));
#5130=DIRECTION('',(0.0,-1.0,0.0));
#5131=DIRECTION('',(-0.973328526784565,-0.162221421130794,-0.162221421130794));
#5132=DIRECTION('',(0.0,0.0,-1.0));
#5133=DIRECTION('',(-0.973328526784565,-0.162221421130794,0.162221421130794));
#5134=DIRECTION('',(0.0,0.0,-1.0));
#5135=DIRECTION('',(1.0,0.0,0.0));
#5136=DIRECTION('',(0.0,0.0,1.0));
#5137=DIRECTION('',(1.0,0.0,0.0));
#5138=CARTESIAN_POINT('',(-11.785,1.285,4.735));
#5139=DIRECTION('',(0.0,0.0,-1.0));
#5140=DIRECTION('',(-1.0,0.0,0.0));
#5141=DIRECTION('',(0.0,0.0,1.0));
#5142=DIRECTION('',(0.0,1.0,0.0));
#5143=DIRECTION('',(0.0,0.0,-1.0));
#5144=DIRECTION('',(-0.162221421130794,-0.973328526784565,-0.162221421130794));
#5145=DIRECTION('',(0.0,0.0,-1.0));
#5146=DIRECTION('',(0.162221421130794,0.973328526784565,-0.162221421130794));
#5147=DIRECTION('',(-1.0,0.0,0.0));
#5148=DIRECTION('',(-0.162221421130794,0.973328526784565,-0.162221421130794));
#5149=DIRECTION('',(0.0,0.0,-1.0));
#5150=DIRECTION('',(-0.162221421130794,0.973328526784565,0.162221421130794));
#5151=DIRECTION('',(0.0,0.0,-1.0));
#5152=DIRECTION('',(0.0,-1.0,0.0));
#5153=DIRECTION('',(0.0,0.0,1.0));
#5154=CARTESIAN_POINT('',(-11.785,1.285,4.735));
#5155=DIRECTION('',(0.0,-0.0,1.0));
#5156=DIRECTION('',(0.0,1.0,0.0));
#5157=DIRECTION('',(0.0,0.0,1.0));
#5158=DIRECTION('',(-1.0,0.0,0.0));
#5159=DIRECTION('',(-1.0,0.0,0.0));
#5160=DIRECTION('',(0.0,0.0,-1.0));
#5161=DIRECTION('',(0.0,1.0,0.0));
#5162=DIRECTION('',(-1.0,0.0,0.0));
#5163=DIRECTION('',(1.0,0.0,0.0));
#5164=DIRECTION('',(0.0,1.0,0.0));
#5165=DIRECTION('',(0.0,1.0,0.0));
#5166=CARTESIAN_POINT('',(-6.285,-2.915,4.735));
#5167=DIRECTION('',(0.0,0.0,-1.0));
#5168=DIRECTION('',(-1.0,0.0,0.0));
#5169=CARTESIAN_POINT('',(-6.285,-2.915,4.735));
#5170=DIRECTION('',(0.0,0.0,1.0));
#5171=DIRECTION('',(-0.06571428571429,0.9978384802427,0.0));
#5172=DIRECTION('',(0.0,-1.0,0.0));
#5173=DIRECTION('',(1.0,0.0,0.0));
#5174=DIRECTION('',(1.0,0.0,0.0));
#5175=DIRECTION('',(0.973328526784565,-0.162221421130794,-0.162221421130794));
#5176=DIRECTION('',(0.0,1.0,0.0));
#5177=DIRECTION('',(0.0,0.0,-1.0));
#5178=DIRECTION('',(-0.973328526784565,0.162221421130794,0.162221421130794));
#5179=DIRECTION('',(-0.973328526784565,-0.162221421130794,0.162221421130794));
#5180=DIRECTION('',(0.0,1.0,0.0));
#5181=DIRECTION('',(0.0,0.0,-1.0));
#5182=DIRECTION('',(0.0,-1.0,0.0));
#5183=DIRECTION('',(0.0,0.0,-1.0));
#5184=DIRECTION('',(-0.973328526784565,0.162221421130794,-0.162221421130794));
#5185=DIRECTION('',(0.0,0.0,-1.0));
#5186=DIRECTION('',(-0.973328526784565,-0.162221421130794,-0.162221421130794));
#5187=DIRECTION('',(0.0,0.0,-1.0));
#5188=DIRECTION('',(-0.162221421130794,-0.973328526784565,-0.162221421130794));
#5189=DIRECTION('',(-0.162221421130794,0.973328526784565,0.162221421130794));
#5190=DIRECTION('',(1.0,0.0,0.0));
#5191=DIRECTION('',(0.0,0.0,-1.0));
#5192=DIRECTION('',(-1.0,0.0,0.0));
#5193=DIRECTION('',(0.0,0.0,-1.0));
#5194=DIRECTION('',(0.162221421130794,0.973328526784565,-0.162221421130794));
#5195=DIRECTION('',(0.0,0.0,-1.0));
#5196=DIRECTION('',(0.0,0.0,1.0));
#5197=DIRECTION('',(-0.162221421130794,0.973328526784565,-0.162221421130794));
#5198=DIRECTION('',(0.0,0.0,-1.0));
#5199=DIRECTION('',(0.0,0.0,1.0));
#5200=DIRECTION('',(1.0,0.0,0.0));
#5201=DIRECTION('',(-1.0,0.0,0.0));
#5202=DIRECTION('',(0.0,-1.0,0.0));
#5203=DIRECTION('',(0.0,0.0,1.0));
ENDSEC;
END-ISO-10303-21;
